VCVD_EVENTO_ADVERSOID,SINKCREATEDON,SINKMODIFIEDON,STATECODE,STATUSCODE,VCVD_MES_GESTACAO_MOMENTO_VACINACAO,VCVD_GRAVE_ENCERRAMENTO_EAG,VCVD_VIAJOU_ULTIMOS_DIAS,VCVD_ALGUMAS_MEDICACOES_EM_USO,VCVD_DOENCAS_PREEXISTENTE,VCVD_ALGUM_EAPV_ANTERIOR_A_PRESENTE_VACINACAO,VCVD_PL_ATENDIMENTO_MEDICO,VCVD_GRAVE_EAG,VCVD_ZONA,VCVD_TRANSFUSAO_SANGUE_ULTIMOS_DIAS,VCVD_ERRO_IMUNIZACAO,VCVD_CLASSIFICACAO_FINAL,VCVD_HISTORIA_PREVIA_DE_CONVULSOES,VCVD_ERRO_IMUNIZACAO_ENCERRAMENTO,VCVD_ATENDIMENTO_MEDICO,VCVD_RACA,VCVD_EVOLUCAO,VCVD_SEXO,VCVD_CONDUTA_FRENTE_ERROS_IMUNIZACAO_DOSES,VCVD_CLASSIFICACAO,VCVD_GESTANTE,VCVD_MULTIPLAESCOLHA,VCVD_DOENCAS_PREEXISTENTES,VCVD_AIDS_HIV,VCVD_ALERGIA_A_MEDICAMENTO,VCVD_DOENCA_NEUROLOGICA_OU_PSIQUIATRICA,VCVD_DOENCA_CARDIACA,VCVD_DIABETES,VCVD_DOENCA_HEPATICA,VCVD_MULHER_AMAMENTANDO,VCVD_BT_OUTRAS_DOENCAS_PREEXISTENTES,VCVD_CADASTRO_MANUAL,VCVD_DOENCA_AUTOIMUNE,VCVD_ALERGIA_ALIMENTAR,VCVD_DOENCA_PULMONAR,VCVD_DOENCA_RENAL,VCVD_DOSE_CONSIDERADA_INVALIDA,VCVD_CRIANCA_EM_ALEITAMENTO_MATERNO,VCVD_MUNICIPIO_PACIENTE,VCVD_MUNICIPIO_PACIENTE_ENTITYTYPE,VCVD_LP_PAIS_RESPONSAVEL_NOTIFICACAO,VCVD_LP_PAIS_RESPONSAVEL_NOTIFICACAO_ENTITYTYPE,VCVD_LP_UF_RESPONSAVEL_NOTIFICACAO,VCVD_LP_UF_RESPONSAVEL_NOTIFICACAO_ENTITYTYPE,VCVD_MUNICIPIO_ATENDIMENTO_MEDICO,VCVD_MUNICIPIO_ATENDIMENTO_MEDICO_ENTITYTYPE,OWNINGBUSINESSUNIT,OWNINGBUSINESSUNIT_ENTITYTYPE,MODIFIEDBY,MODIFIEDBY_ENTITYTYPE,MODIFIEDONBEHALFBY,MODIFIEDONBEHALFBY_ENTITYTYPE,VCVD_LP_ETNIA,VCVD_LP_ETNIA_ENTITYTYPE,VCVD_UF_ATENDIMENTO_MEDICO,VCVD_UF_ATENDIMENTO_MEDICO_ENTITYTYPE,VCVD_LP_UF_VIAGEM,VCVD_LP_UF_VIAGEM_ENTITYTYPE,OWNINGTEAM,OWNINGTEAM_ENTITYTYPE,OWNINGUSER,OWNINGUSER_ENTITYTYPE,VCVD_LP_MUNICIPIO_RESPONSAVEL_NOTIFICACAO,VCVD_LP_MUNICIPIO_RESPONSAVEL_NOTIFICACAO_ENTITYTYPE,VCVD_UF_PACIENTE,VCVD_UF_PACIENTE_ENTITYTYPE,CREATEDONBEHALFBY,CREATEDONBEHALFBY_ENTITYTYPE,VCVD_PAIS_PACIENTE,VCVD_PAIS_PACIENTE_ENTITYTYPE,VCVD_LP_PAIS,VCVD_LP_PAIS_ENTITYTYPE,VCVD_LP_MUNICIPIO_VIAGEM,VCVD_LP_MUNICIPIO_VIAGEM_ENTITYTYPE,VCVD_VACINACAO,VCVD_VACINACAO_ENTITYTYPE,CREATEDBY,CREATEDBY_ENTITYTYPE,OWNERID,OWNERID_ENTITYTYPE,VCVD_MUNICIPIO_RESPONSAVEL_NOTIFICACAO,VCVD_DATA_SEGUNDA_DOSE,VCVD_LP_PAISNAME,MODIFIEDON,VCVD_NOME_RESPONSAVEL_PREENCHIMENTO_INVESTIGA,VCVD_DATA_TRANSFUSAO,VCVD_NOME_MAE,VCVD_VACINACAONAME,VCVD_CEP,VCVD_ESTABELECIMENTO_CNES,VCVD_CPF,VCVD_BAIRRO,VCVD_NOME_PACIENTE,VCVD_PROTOCOLO,VCVD_PAIS_PACIENTENAME,VCVD_TELEFONE_PARA_RECADO,VCVD_PAIS,VCVD_RESPONSAVEL_INVESTIGACAO,VCVD_CARTAO_SUS,VCVD_TELEFONE_RESPONSAVEL_PREENCHIMENTO_INVEST,VCVD_OUTROS_DOENCAS_PREEXISTENTES,VCVD_INFORMACOES_COMPLEMENTARES_ATENDIMENTO,VCVD_NOME_NOTIFICADOR,VCVD_COMPLEMENTO_RESPONSAVEL_NOTIFICACAO,VCVD_UF_VIAGEM,VCVD_LP_MUNICIPIO_RESPONSAVEL_NOTIFICACAONAME,VCVD_CNES_HOSPITAL,VCVD_LP_MUNICIPIO_VIAGEMNAME,VCVD_DATA_INTERNACAO,VCVD_DATA_NASCIMENTO,VCVD_NOME_HOSPITAL,CREATEDON,VCVD_LP_UF_VIAGEMNAME,VCVD_IDADE,VCVD_MUNICIPIO_RESPONSAVEL,VCVD_DATA_ALTA,VCVD_EMAIL,VCVD_OUTROS_ERROS_IMUNIZACAO_ENCERRAMENTO,OWNERIDYOMINAME,VCVD_MUNICIPIO,VCVD_NOME_ESTABELECIMENTO,VCVD_LP_ETNIANAME,VCVD_EMAIL_RESPONSAVEL_PREENCHIMENTO_INVEST,VCVD_MUNICIPIO_ATENDIMENTO_MEDICONAME,VCVD_LP_UF_RESPONSAVEL_NOTIFICACAONAME,CREATEDONBEHALFBYNAME,VCVD_COMPLEMENTO,VCVD_PAIS_VIAGEM,VCVD_DATA_PRIMEIRA_DOSE,VCVD_NOME,VCVD_OUTROS_CONDUTA_FRENTE_EI_DOSES,VCVD_OUTROS_GRAVE_ENCERRAMENTO,VCVD_MUNICIPIO_PACIENTENAME,OWNERIDNAME,OVERRIDDENCREATEDON,VCVD_NUMERO_NOTIFICACAO,VCVD_ST_MUNICIPIO_ATENDIMENTO_MEDICO,VCVD_DIAGNOSTICO,VCVD_DATA_TERMINO_VIAGEM,VCVD_LP_PAIS_RESPONSAVEL_NOTIFICACAONAME,VCVD_TELEFONE,VERSIONNUMBER,VCVD_LOGRADOURO,VCVD_OUTROS_GRAVE,VCVD_ENDERECO,VCVD_ENDERECO_RESPONSAVEL_PREENCHIMENTO_INVEST,VCVD_FUNCAO,VCVD_EVENTO_ADVERSO,VCVD_BAIRRO_RESPONSAVEL_NOTIFICACAO,VCVD_UF_PACIENTENAME,VCVD_UF,VCVD_CELULAR_RESPONSAVEL_PREENCHIMENTO_INVEST,VCVD_INFORMACOES_COMPLEMENTARES,CREATEDBYNAME,VCVD_NUMERO_ENDERECO,VCVD_FUNCAO_NOTIFICADOR,VCVD_TELEFONE_RESPONSAVEL_NOTIFICACAO,VCVD_ETNIA,UTCCONVERSIONTIMEZONECODE,VCVD_CEP_RESPONSAVEL_NOTIFICACAO,VCVD_UF_ATENDIMENTO_MEDICONAME,VCVD_UF_RESPONSAVEL_NOTIFICACAO,IMPORTSEQUENCENUMBER,VCVD_PAIS_RESPONSAVEL_NOTIFICACAO,VCVD_DATA_NOTIFICACAO,VCVD_OUTRAS_DOENCAS_PREEXISTENTES,VCVD_CNES_ESTABELECIMENTO,MODIFIEDBYNAME,VCVD_LOCAL_VIAGEM,VCVD_DATA_INICIO_VIAGEM,VCVD_MUNICIPIO_VIAGEM,VCVD_LAUDO,VCVD_PL_ATENDIMENTO_MEDICO_NOTIFICACAO,VCVD_ATENDIMENTO_MEDICO_NOTIFICACAO,VCVD_INFORMACOES_ATENDIMENTO_NOTIFICACAO,VCVD_ENCERRADOR,VCVD_ENCERRADOR_ENTITYTYPE,VCVD_ENCERRADORNAME,VCVD_DATA_TERCEIRA_DOSE,COLUNA_185,COLUNA_186,COLUNA_187,COLUNA_188,COLUNA_189,COLUNA_190,COLUNA_191,COLUNA_192
87A97E7D-1C14-EC11-B6E7-000D3A885F2A,,,0,869430001,,,2,2,2,2,,,,2.0,,,3.0,,2.0,,,2.0,,,2,,,0,0,0,0,0,0,0,0,0.0,0,0,0,0,0.0,0,,,7EE4DECF-674F-EB11-BB23-000D3AC17AEA,,B18BF1CE-724F-EB11-BB23-000D3AC17DF1,,,,4902CA82-AD47-EB11-BB23-000D3AC068E2,,5BF76E99-1B8B-EB11-B1AC-002248372310,,,,,,B18BF1CE-724F-EB11-BB23-000D3AC17DF1,,B18BF1CE-724F-EB11-BB23-000D3AC17DF1,,,,5CF76E99-1B8B-EB11-B1AC-002248372310,,4155ED16-884F-EB11-BB23-000D3AC17B5F,,,,,,,,7EE4DECF-674F-EB11-BB23-000D3AC17AEA,,,,7CF92DBD-A2AE-EB11-89EE-00155D013C81,,5CF76E99-1B8B-EB11-B1AC-002248372310,,5CF76E99-1B8B-EB11-B1AC-002248372310,,SAO CARLOS,2021-08-12 00:00:00.000,,2021-09-17 14:48:36.000,,,,,,,38588972808.0,,KAIO PHELLIPE LINO COUTINHO MELO,EAPV-SP-000000076,,,BRASIL,,,,,,JOSE AMPOLA,CASA,,,,,,1991-03-02 00:00:00.000,,2021-09-12 22:55:24.000,,30.0,,,kaiomelo@sp.gov.br,,,SAO PAULO,CASA DA VACINA,,,,,,,,2021-05-12 00:00:00.000,,,,,,,,2021.0,0.0,,,,,(11)99386-0572,,RUA NESTOR HOMEM DE MELO,,RUA DA AGULHA,,,,ALERGIA,Seringa,,SAO PAULO,,87A97E7D-1C14-EC11-B6E7-000D3A885F2A,,,,161,,,AGULHEIRO,(11)99872-8585,,,05854-000,,SAO PAULO,,,2021-09-12 00:00:00.000,,123465,,,,,,,,2.0,,,,,
4B7EED71-014D-EB11-A812-000D3A88A5FB,,,0,869430000,,,0,0,0,0,0.0,4.0,0.0,1.0,8.0,,,,0.0,0.0,,0.0,,1.0,2,,,1,0,0,0,0,0,1,1,,1,0,0,1,,1,,,7EE4DECF-674F-EB11-BB23-000D3AC17AEA,,B18BF1CE-724F-EB11-BB23-000D3AC17DF1,,6155ED16-884F-EB11-BB23-000D3AC17B5F,,01D8E629-AA81-EB11-B1AB-000D3AC17DF1,,05D63145-8C4B-EB11-BB23-000D3AC17DF1,,05D63145-8C4B-EB11-BB23-000D3AC17DF1,,,,B18BF1CE-724F-EB11-BB23-000D3AC17DF1,,,,,,1CFB0EF7-A381-EB11-A812-00224836709B,,FB50ED16-884F-EB11-BB23-000D3AC17B5F,,,,,,,,44E4DECF-674F-EB11-BB23-000D3AC17AEA,,,,B0B3C144-F64C-EB11-A812-000D3AC176F6,,525BC23E-8C4B-EB11-BB23-000D3AC17DF1,,1CFB0EF7-A381-EB11-A812-00224836709B,,ADOLFO,2021-01-11 03:00:00.000,,2021-03-11 13:00:43.000,TESTE,,Nome da Mãe,,01310-100,TESTE,9884663092.0,Bairro,Fulano de Tal,EAPV-SP-000000001,,+5511987654321,Brasil,TESTE,1234567890,(11)9090-9090,,ACENTUACAO,NOME NOTIF,RARARACA,,,TESTE,,2021-01-20 00:00:00.000,1980-01-14 00:00:00.000,TESTE,2021-01-02 13:50:18.000,,41.0,,,xxx@email.com.br,,,São Paulo,NOME ESTAB,,tes@te.com,,,,Apto 99,,2020-12-29 03:00:00.000,,,,,,,,,39.0,SAO PAULO,ACENTUACAO,2021-01-20 00:00:00.000,,+551190909090,,Av Paulista,ADSFDASF2344324,CAO,rua çaããoo,,TESTE,DISFUNCAO TESTE COM ACENTUACAO. E ISSO AI. ,VL BRASA,,SP,,4B7EED71-014D-EB11-A812-000D3A88A5FB,(11)90909-0900,SAJHNBD RACAO RACAO,,2B,,,REI,(13)2231-3133,Teste,,12345-678,,São Paulo,,BRASIL,2021-01-13 00:00:00.000,other,ABC123,,,AFEGANISTAO,2021-01-20 00:00:00.000,,,,,,,,,
E44E5793-B44F-EB11-A812-000D3A88A5FB,,,0,1,,,2,2,2,2,,,,2.0,,,3.0,,,,,2.0,,,2,,,0,0,0,0,0,0,0,0,,0,0,0,0,,0,,,,,,,,,01D8E629-AA81-EB11-B1AB-000D3AC17DF1,,05D63145-8C4B-EB11-BB23-000D3AC17DF1,,05D63145-8C4B-EB11-BB23-000D3AC17DF1,,,,,,,,,,1CFB0EF7-A381-EB11-A812-00224836709B,,,,,,,,,,,,,,B0B3C144-F64C-EB11-A812-000D3AC176F6,,525BC23E-8C4B-EB11-BB23-000D3AC17DF1,,1CFB0EF7-A381-EB11-A812-00224836709B,,,,,2021-03-11 13:00:42.000,,,,,,,9884663092.0,,Fulano de Tal,EAPV-SP-000000006,,,,,1234567890,,,,,,,,,,,1980-01-14 00:00:00.000,,2021-01-06 00:17:41.000,,,,,,,,,,,,,,,,,,,,,,,,,,0.0,,,,,,,,,,,,,,,,,,E44E5793-B44F-EB11-A812-000D3A88A5FB,,,,,,,,,,,,,,,,,,,,,,,,,,,,,,,
11B752AB-B54F-EB11-A812-000D3A88A5FB,,,0,1,,,2,2,2,2,,,,2.0,,,3.0,,,,,2.0,,,2,,,0,0,0,0,0,0,0,0,,0,0,0,0,,0,,,,,,,,,01D8E629-AA81-EB11-B1AB-000D3AC17DF1,,05D63145-8C4B-EB11-BB23-000D3AC17DF1,,05D63145-8C4B-EB11-BB23-000D3AC17DF1,,,,,,,,,,1CFB0EF7-A381-EB11-A812-00224836709B,,,,,,,,,,,,,,B0B3C144-F64C-EB11-A812-000D3AC176F6,,525BC23E-8C4B-EB11-BB23-000D3AC17DF1,,1CFB0EF7-A381-EB11-A812-00224836709B,,,,,2021-03-11 13:00:42.000,,,,,,,9884663092.0,,Fulano de Tal,EAPV-SP-000000007,,,,,1234567890,,,,,,,,,,,1980-01-14 00:00:00.000,,2021-01-06 00:25:26.000,,,,,,,,,,,,,,,,,,,,,,,,,,0.0,,,,,,,,,,,,,,,,,,11B752AB-B54F-EB11-A812-000D3A88A5FB,,,,,,,,,,,,,,,,,,,,,,,,,,,,,,,
5E2167E7-B54F-EB11-A812-000D3A88A5FB,,,0,1,,,2,2,2,2,,,,2.0,,,3.0,,,,,,,,2,,,0,0,0,0,0,0,0,0,,0,0,0,0,,0,,,,,,,,,01D8E629-AA81-EB11-B1AB-000D3AC17DF1,,05D63145-8C4B-EB11-BB23-000D3AC17DF1,,05D63145-8C4B-EB11-BB23-000D3AC17DF1,,,,,,,,,,1CFB0EF7-A381-EB11-A812-00224836709B,,,,,,,,,,,,,,5E16880C-DB4E-EB11-8FED-00155D008922,,525BC23E-8C4B-EB11-BB23-000D3AC17DF1,,1CFB0EF7-A381-EB11-A812-00224836709B,,,,,2021-03-11 13:00:42.000,,,,,,,,,Maria da Silva,EAPV-SP-000000008,,,,,,,,,,,,,,,,2020-07-04 00:00:00.000,,2021-01-06 00:27:13.000,,,,,,,,,,,,,,,,,,,,,,,,,,39.0,,,,,,,,,,,,,,,,,,5E2167E7-B54F-EB11-A812-000D3A88A5FB,,,,,,,,,,,,,,,,,,,,,,,,,,,,,,,
988C4F5C-C34F-EB11-A812-000D3A88A5FB,,,0,869430000,,,2,2,2,2,,,,2.0,,,3.0,,,,,,,,2,,,0,0,0,0,0,0,0,0,,0,0,0,0,,0,,,7EE4DECF-674F-EB11-BB23-000D3AC17AEA,,B18BF1CE-724F-EB11-BB23-000D3AC17DF1,,,,01D8E629-AA81-EB11-B1AB-000D3AC17DF1,,05D63145-8C4B-EB11-BB23-000D3AC17DF1,,05D63145-8C4B-EB11-BB23-000D3AC17DF1,,,,,,,,,,1CFB0EF7-A381-EB11-A812-00224836709B,,E554ED16-884F-EB11-BB23-000D3AC17B5F,,,,,,,,,,,,5E16880C-DB4E-EB11-8FED-00155D008922,,525BC23E-8C4B-EB11-BB23-000D3AC17DF1,,1CFB0EF7-A381-EB11-A812-00224836709B,,SABINO,,,2021-03-11 13:00:41.000,ADSFA SF,,,,,SDsd,,,MARIA DA SILVA,EAPV-SP-000000009,,,,ASDFA FD,,(11)9999-9999,,,ASDFDS,,,,,,,2020-07-04 00:00:00.000,,2021-01-06 02:03:26.000,,0.0,,,,,,,ADSFADSF,,adf@eie.xx.xx,,,,,,,,,,,,,,,39.0,,,,,,,,,ASDFASDF,---ASDFASD F,,ASFDASDF,,ASDFSADF,,,,988C4F5C-C34F-EB11-A812-000D3A88A5FB,(11)9999-9999,,,,,,FSADF,11,,,11111-111,,SAO PAULO,,,,,AAA,,,,,,,,,,,,,
6727D10C-C94F-EB11-A812-000D3A88A5FB,,,0,1,4.0,,2,2,2,2,1.0,,,2.0,,,3.0,,,,,1.0,,1.0,0,,,0,0,0,0,0,0,1,0,,0,0,0,0,,1,,,,,,,,,01D8E629-AA81-EB11-B1AB-000D3AC17DF1,,05D63145-8C4B-EB11-BB23-000D3AC17DF1,,05D63145-8C4B-EB11-BB23-000D3AC17DF1,,,,,,,,,,1CFB0EF7-A381-EB11-A812-00224836709B,,,,,,,,,,,,,,B0B3C144-F64C-EB11-A812-000D3AC176F6,,525BC23E-8C4B-EB11-BB23-000D3AC17DF1,,1CFB0EF7-A381-EB11-A812-00224836709B,,,,,2021-03-11 13:00:41.000,,,,,,,9884663092.0,,Fulano de Tal,EAPV-SP-000000011,,,,,1234567890,119090990,,,,,,,,,,1980-01-14 00:00:00.000,,2021-01-06 02:44:11.000,,,,,,,,,,,,,,,,,,,,,,,,,,0.0,,,,,,,,,,,,,,,,,,6727D10C-C94F-EB11-A812-000D3A88A5FB,,,,,,,,,,,,,,,,2021-01-06 00:00:00.000,,,,,,,,,,,,,,,
CA3AFE4A-6650-EB11-A812-000D3A88A5FB,,,0,1,,,0,2,2,2,,,0.0,2.0,,,3.0,,2.0,0.0,,1.0,,,2,,,0,0,0,0,0,0,0,0,,0,0,0,0,,0,,,,,,,,,01D8E629-AA81-EB11-B1AB-000D3AC17DF1,,05D63145-8C4B-EB11-BB23-000D3AC17DF1,,05D63145-8C4B-EB11-BB23-000D3AC17DF1,,,,,,,,,,1CFB0EF7-A381-EB11-A812-00224836709B,,,,,,,,,,,,,,B0B3C144-F64C-EB11-A812-000D3AC176F6,,525BC23E-8C4B-EB11-BB23-000D3AC17DF1,,1CFB0EF7-A381-EB11-A812-00224836709B,,,,,2021-03-11 13:00:41.000,,,Nome da Mãe,,01310-100,,9884663092.0,Bairro,Fulano de Tal,EAPV-SP-000000012,,+5511987654321,Brasil,,1234567890,,,,,,,,,,,1980-01-14 00:00:00.000,,2021-01-06 21:29:45.000,,,,,xxx@email.com.br,,,São Paulo,,,,,,,Apto 99,,,,,,,,,,,0.0,,,,,+551190909090,,Av Paulista,,,,,,,,,SP,,CA3AFE4A-6650-EB11-A812-000D3A88A5FB,,,,,,,,,Teste,,,,,,,,,,,,,,,,,,,,,,
19A8B098-1B51-EB11-A812-000D3A88A5FB,,,0,869430000,,,2,0,0,2,,,0.0,,,,,,2.0,0.0,,1.0,,0.0,2,,,0,1,0,0,0,1,0,0,,0,0,0,0,,0,,,,,,,,,01D8E629-AA81-EB11-B1AB-000D3AC17DF1,,05D63145-8C4B-EB11-BB23-000D3AC17DF1,,05D63145-8C4B-EB11-BB23-000D3AC17DF1,,,,,,B18BF1CE-724F-EB11-BB23-000D3AC17DF1,,,,1CFB0EF7-A381-EB11-A812-00224836709B,,,,,,,,,,7EE4DECF-674F-EB11-BB23-000D3AC17AEA,,,,B0B3C144-F64C-EB11-A812-000D3AC176F6,,05D63145-8C4B-EB11-BB23-000D3AC17DF1,,1CFB0EF7-A381-EB11-A812-00224836709B,,,,,2021-03-11 13:00:39.000,,,Nome da Mãe,,01310-100,,9884663092.0,Bairro,Fulano de Tal,EAPV-SP-000000015,,+5511987654321,Brasil,,1234567890,,,,,,,,,,,1980-01-14 00:00:00.000,,2021-01-07 19:07:34.000,,,,,xxx@email.com.br,,,São Paulo,,,,,,,Apto 99,,,,,,,,,,,0.0,,,,,+551190909090,,Av Paulista,,,,,,FEBRE,,,SP,,19A8B098-1B51-EB11-A812-000D3A88A5FB,,,,,,,,,Teste,,,,,,,2021-01-06 00:00:00.000,,,,,,,,,,,,,,,
68BE224C-4F1E-ED11-B83E-000D3A88F64E,,,0,1,,,2,2,2,2,,,,2.0,,,3.0,,2.0,,,2.0,,,2,,,0,0,0,0,0,0,0,0,0.0,0,0,0,0,0.0,0,,,7EE4DECF-674F-EB11-BB23-000D3AC17AEA,,B18BF1CE-724F-EB11-BB23-000D3AC17DF1,,,,4902CA82-AD47-EB11-BB23-000D3AC068E2,,42640CA3-9433-42F2-BE8B-FF84B91E46DA,,5CF76E99-1B8B-EB11-B1AC-002248372310,,,,B18BF1CE-724F-EB11-BB23-000D3AC17DF1,,B18BF1CE-724F-EB11-BB23-000D3AC17DF1,,,,5CF76E99-1B8B-EB11-B1AC-002248372310,,4155ED16-884F-EB11-BB23-000D3AC17B5F,,,,,,,,7EE4DECF-674F-EB11-BB23-000D3AC17AEA,,,,7CF92DBD-A2AE-EB11-89EE-00155D013C81,,5CF76E99-1B8B-EB11-B1AC-002248372310,,5CF76E99-1B8B-EB11-B1AC-002248372310,,SAO CARLOS,,,2022-08-17 17:09:15.000,,,,,05758160,,38588972808.0,CAMPO LIMPO,KAIO PHELLIPE LINO COUTINHO MELO,EAPV-SP-000000078,,,BRASIL,,,,,,KAIO,,,,,,,1991-03-02 00:00:00.000,,2022-08-17 17:09:10.000,,31.0,,,kaio.acessa@gmail.com,,,SAO PAULO,TESTE,,,,,,CASA,,2021-05-12 00:00:00.000,,,,,,,,,0.0,,,,,(11)96908-2042,,RUA NESTOR HOMEM DE MELO,,RUA TESTE,,,,,teste,,SAO PAULO,,68BE224C-4F1E-ED11-B83E-000D3A88F64E,,,,161,,,ENF,(11)96908-2042,,,05557-150,,SAO PAULO,,,,,000991,,,,,,,,2.0,,,,,
CEB65667-9C5D-EB11-A812-000D3AC15521,,,0,869430000,,,2,0,2,0,,4.0,,2.0,,,3.0,,2.0,,,2.0,,0.0,2,,,0,0,0,0,0,0,0,0,1.0,0,0,0,0,0.0,0,,,7EE4DECF-674F-EB11-BB23-000D3AC17AEA,,B18BF1CE-724F-EB11-BB23-000D3AC17DF1,,,,4902CA82-AD47-EB11-BB23-000D3AC068E2,,F2C0D54B-8C4B-EB11-BB23-000D3AC17DF1,,,,,,,,,,,,F2C0D54B-8C4B-EB11-BB23-000D3AC17DF1,,6155ED16-884F-EB11-BB23-000D3AC17B5F,,,,,,,,,,,,,,F2C0D54B-8C4B-EB11-BB23-000D3AC17DF1,,F2C0D54B-8C4B-EB11-BB23-000D3AC17DF1,,SAO PAULO,,,2021-01-29 18:29:28.000,INVESTIGACAO,,,,,CNES-1234,1234567890.0,,MAURO MATHEUS,EAPV-SP-000000026,,,,RESPONSAVEL,CARTAO-1234,(11)9090-9090,,,NOTIFICADOR,COMPLEMENTO,,,,,,1970-01-21 00:00:00.000,,2021-01-23 16:59:51.000,,51.0,,,,,,,ESTABELECIMENTO,,e@mail.com,,,,,,,,,,,,,,1.0,0.0,,,,,,,,,ENDERECO,ENDERECCO,,FUNCAO,,Bairro,,,,CEB65667-9C5D-EB11-A812-000D3AC15521,(11)90909-0909,,,,,,FUNCAO,(11)99999-9999,,,09876-543,,SAO PAULO,,,,,CNES-1234,,,,,,,,,,,,,
BD5542F3-CC5F-EB11-A812-000D3AC15521,,,0,869430000,,2.0,2,2,0,1,,2.0,0.0,2.0,,1.0,3.0,,2.0,0.0,,0.0,,1.0,2,,,0,0,0,1,0,0,0,0,0.0,0,0,0,0,0.0,0,,,7EE4DECF-674F-EB11-BB23-000D3AC17AEA,,B18BF1CE-724F-EB11-BB23-000D3AC17DF1,,,,01D8E629-AA81-EB11-B1AB-000D3AC17DF1,,05D63145-8C4B-EB11-BB23-000D3AC17DF1,,05D63145-8C4B-EB11-BB23-000D3AC17DF1,,,,,,,,,,1CFB0EF7-A381-EB11-A812-00224836709B,,6155ED16-884F-EB11-BB23-000D3AC17B5F,,,,,,,,,,,,B0B3C144-F64C-EB11-A812-000D3AC176F6,,05D63145-8C4B-EB11-BB23-000D3AC17DF1,,1CFB0EF7-A381-EB11-A812-00224836709B,,SAO PAULO,2020-12-30 00:00:00.000,,2021-03-11 13:00:36.000,DSFADSFASD,,Nome da Mãe,,07793-645,344313,9884663092.0,Bairro,Fulano de Tal,EAPV-SP-000000027,,(22)98765-4321,Brasil,ASDFADSF,1234567890,(11)9999-9999,,,DFASFDAFSD,,,,,,,1980-01-14 00:00:00.000,,2021-01-26 11:52:24.000,,41.0,,,miicael_@hotmail.com.br,,,Cajamar,ASFAF,,xxxx@in.com,,,,Rua Irmã Daria Moreira,,2020-12-29 00:00:00.000,,,,,,,,,0.0,,,,,+551190909090,,Av Paulista,,ASDFAF,ADSFL JFDSA,,ASDF ADSF,,.,,São Paulo,,BD5542F3-CC5F-EB11-A812-000D3AC15521,(11)5949-9494,COMPLEMENTO,,2B,,,SADFKDSFJF,(99)9999-9999,Teste,,12345-678,,SAO PAULO,,,2021-01-25 00:00:00.000,,111,,,,,,,,,,,,,
8C041FEA-0260-EB11-A812-000D3AC15521,,,1,869430002,,,2,2,2,2,,,0.0,2.0,,,3.0,,2.0,0.0,,0.0,,,2,,,0,0,0,0,0,0,0,0,0.0,0,0,0,0,0.0,0,,,7EE4DECF-674F-EB11-BB23-000D3AC17AEA,,B18BF1CE-724F-EB11-BB23-000D3AC17DF1,,,,4902CA82-AD47-EB11-BB23-000D3AC068E2,,F2C0D54B-8C4B-EB11-BB23-000D3AC17DF1,,,,,,,,,,,,05D63145-8C4B-EB11-BB23-000D3AC17DF1,,FF50ED16-884F-EB11-BB23-000D3AC17B5F,,,,,,,,,,,,B0B3C144-F64C-EB11-A812-000D3AC176F6,,05D63145-8C4B-EB11-BB23-000D3AC17DF1,,05D63145-8C4B-EB11-BB23-000D3AC17DF1,,AGUAS DA PRATA,2020-12-30 00:00:00.000,,2021-03-04 13:04:07.000,,,NOME DA MAE,,07793-645,,9884663092.0,BAIRRO,FULANO DE TAL,EAPV-SP-000000028,,(22)98765-4321,BRASIL,,1234567890,,,,ASDFASD,,,,,,,1980-01-14 00:00:00.000,,2021-01-26 18:18:46.000,,41.0,,,miicael_@hotmail.com,,,CAJAMAR,ADFASDF,,,,,,RUA IRMA DARIA MOREIRA,,2020-12-29 00:00:00.000,,,,,,,,111.0,0.0,,,,,(11)90909-0901,,AV PAULISTA,,ASADSF,,,,,asdfad,,SAO PAULO,,8C041FEA-0260-EB11-A812-000D3AC15521,,,,2B,,,ASDFA FD,(11)99944-4944,TESTE,,00000-002,,SAO PAULO,,,,,asdfasf,,,,,,,,,,,,,
02F1AB8A-B14F-EB11-A812-000D3AC176F6,,,0,869430000,,,2,2,2,2,,,,2.0,,,3.0,,,,,2.0,,,2,,,0,0,0,0,0,0,0,0,,0,0,0,0,,0,,,,,,,,,01D8E629-AA81-EB11-B1AB-000D3AC17DF1,,05D63145-8C4B-EB11-BB23-000D3AC17DF1,,05D63145-8C4B-EB11-BB23-000D3AC17DF1,,,,,,,,,,1CFB0EF7-A381-EB11-A812-00224836709B,,,,,,,,,,,,,,5E16880C-DB4E-EB11-8FED-00155D008922,,525BC23E-8C4B-EB11-BB23-000D3AC17DF1,,1CFB0EF7-A381-EB11-A812-00224836709B,,SP,,,2021-03-11 13:00:43.000,,,,,,,,,MARIA DA SILVA,EAPV-SP-000000003,,,,,,,,,SP,,,,,,,2020-07-04 00:00:00.000,,2021-01-05 23:55:54.000,,0.0,,,,,,,NOME,,,,,,,,,,,,,,,,,39.0,,,,,,,,,ENDE,,,,,BAIR,,,,02F1AB8A-B14F-EB11-A812-000D3AC176F6,,,,,,,SP,(90)90909-0909,,,01010-101,,SP,,,,,CNES,,,,,,,,,,,,,
C627EE90-B14F-EB11-A812-000D3AC176F6,,,0,1,,,2,2,2,2,,,,2.0,,,3.0,,,,,,,,2,,,0,0,0,0,0,0,0,0,,0,0,0,0,,0,,,,,,,,,01D8E629-AA81-EB11-B1AB-000D3AC17DF1,,05D63145-8C4B-EB11-BB23-000D3AC17DF1,,05D63145-8C4B-EB11-BB23-000D3AC17DF1,,,,,,,,,,1CFB0EF7-A381-EB11-A812-00224836709B,,,,,,,,,,,,,,B0B3C144-F64C-EB11-A812-000D3AC176F6,,525BC23E-8C4B-EB11-BB23-000D3AC17DF1,,1CFB0EF7-A381-EB11-A812-00224836709B,,,,,2021-03-11 13:00:42.000,,,,,,,9884663092.0,,Fulano de Tal,EAPV-SP-000000004,,,,,1234567890,,,,,,,,,,,1980-01-14 00:00:00.000,,2021-01-05 23:56:07.000,,,,,,,,,,,,,,,,,,,,,,,,,,0.0,,,,,,,,,,,,,,,,,,C627EE90-B14F-EB11-A812-000D3AC176F6,,,,,,,,,,,,,,,,,,,,,,,,,,,,,,,
F219CA90-9550-EB11-A812-000D3AC176F6,,,0,1,,5.0,2,2,2,2,,,0.0,2.0,,2.0,3.0,8.0,2.0,0.0,,1.0,,,2,,,0,0,0,0,0,0,0,0,,0,0,0,0,0.0,0,,,,,,,,,01D8E629-AA81-EB11-B1AB-000D3AC17DF1,,05D63145-8C4B-EB11-BB23-000D3AC17DF1,,05D63145-8C4B-EB11-BB23-000D3AC17DF1,,,,,,B18BF1CE-724F-EB11-BB23-000D3AC17DF1,,,,1CFB0EF7-A381-EB11-A812-00224836709B,,,,,,,,,,7EE4DECF-674F-EB11-BB23-000D3AC17AEA,,,,B0B3C144-F64C-EB11-A812-000D3AC176F6,,525BC23E-8C4B-EB11-BB23-000D3AC17DF1,,1CFB0EF7-A381-EB11-A812-00224836709B,,,,,2021-03-11 13:00:40.000,,,Nome da Mãe,,01310-100,,9884663092.0,Bairro,Fulano de Tal,EAPV-SP-000000013,,+5511987654321,Brasil,,1234567890,,,,,,,,,,,1980-01-14 00:00:00.000,,2021-01-07 03:08:18.000,,,,,xxx@email.com.br,,,São Paulo,,,,,,,Apto 99,,,,,asa,,,,,,0.0,,,,,+551190909090,,Av Paulista,,,,,,,,,SP,,F219CA90-9550-EB11-A812-000D3AC176F6,,,,,,,,,Teste,,,,,,,,,,,,,,,,,,,,,,
635BD00C-DF50-EB11-A812-000D3AC176F6,,,0,869430000,,,2,2,0,0,,,0.0,2.0,,,3.0,,2.0,0.0,,1.0,,0.0,0,,,0,0,0,0,0,0,0,0,,0,0,0,0,,0,,,,,,,,,01D8E629-AA81-EB11-B1AB-000D3AC17DF1,,05D63145-8C4B-EB11-BB23-000D3AC17DF1,,05D63145-8C4B-EB11-BB23-000D3AC17DF1,,,,,,,,,,1CFB0EF7-A381-EB11-A812-00224836709B,,,,,,,,,,,,,,B0B3C144-F64C-EB11-A812-000D3AC176F6,,05D63145-8C4B-EB11-BB23-000D3AC17DF1,,1CFB0EF7-A381-EB11-A812-00224836709B,,SP,,,2021-03-11 13:00:40.000,SADFADSF,,NOME DA MAE,,01310-100,afdsfa,9884663092.0,BAIRRO,FULANO DE TAL,EAPV-SP-000000014,,+5511987654321,BRASIL,ASDFADSF,1234567890,(11)9999-9999,,,SP,TESTE,,,,,,1980-01-14 00:00:00.000,,2021-01-07 11:54:18.000,,41.0,,,xxx@email.com.br,,,SAO PAULO,TESTE,,xxxx@in.com,,,,APTO 99,,,,,,,,,,123.0,0.0,,,,,+551190909090,,AV PAULISTA,,TESTE,ADSFL JFDSA,,AASDF,DOR LOCAL,teste,,SP,,635BD00C-DF50-EB11-A812-000D3AC176F6,(21)7777-7777,,,,,,SP,(11)90909-0909,TESTE,,01231-233,,sp,,,2021-01-07 00:00:00.000,,teste,,,,,,,,,,,,,
4F6C3E59-BA51-EB11-A812-000D3AC176F6,,,0,1,,,2,2,1,2,1.0,,,0.0,,2.0,,,0.0,2.0,,,,,2,,,0,0,0,0,0,0,0,0,0.0,0,0,0,0,1.0,0,,,7EE4DECF-674F-EB11-BB23-000D3AC17AEA,,958BF1CE-724F-EB11-BB23-000D3AC17DF1,,FB50ED16-884F-EB11-BB23-000D3AC17B5F,,01D8E629-AA81-EB11-B1AB-000D3AC17DF1,,05D63145-8C4B-EB11-BB23-000D3AC17DF1,,05D63145-8C4B-EB11-BB23-000D3AC17DF1,,,,8F8BF1CE-724F-EB11-BB23-000D3AC17DF1,,,,,,1CFB0EF7-A381-EB11-A812-00224836709B,,,,,,,,,,,,,,5E16880C-DB4E-EB11-8FED-00155D008922,,05D63145-8C4B-EB11-BB23-000D3AC17DF1,,1CFB0EF7-A381-EB11-A812-00224836709B,,asa,,,2021-03-11 13:00:38.000,ASDASD,,,,07793-645,asdasd,41290877832.0,,Maria da Silva,EAPV-SP-000000019,,,Brasil,SADASD,832109739012,(11)9090-9090,,,ASDAS,,,,sas,,2021-01-22 00:00:00.000,2020-07-04 00:00:00.000,ASA,2021-01-08 14:04:05.000,,0.0,,,micael.machado@smartconsulting.com.br,,,CAJAMAR,ASD,,jkbnfksad@jjsndks.com,,,,casa 2,,,,,,,,,,1.0,39.0,ASDAS,,,,11111111,,josue lemes de lima,,ASD,JOSUE LEMES DE LIMA 227,,ASDASD,,asd,,São Paulo,,4F6C3E59-BA51-EB11-A812-000D3AC176F6,(11)8989-8989,,,,,,ASDSAD,(11)9090-9090,A M A N AY E,,07793-746,,AMAPÁ,,ALEMANHA,,,asd,,,,,,,,,,,,,
BFB88638-E255-EB11-A812-000D3AC1B134,,,0,1,,,2,2,2,2,,,,2.0,,,3.0,,2.0,,,2.0,,,2,,,0,0,0,0,0,0,0,0,1.0,0,0,0,0,0.0,0,,,,,,,,,01D8E629-AA81-EB11-B1AB-000D3AC17DF1,,05D63145-8C4B-EB11-BB23-000D3AC17DF1,,05D63145-8C4B-EB11-BB23-000D3AC17DF1,,,,,,B18BF1CE-724F-EB11-BB23-000D3AC17DF1,,,,1CFB0EF7-A381-EB11-A812-00224836709B,,,,,,,,,,7EE4DECF-674F-EB11-BB23-000D3AC17AEA,,,,,,05D63145-8C4B-EB11-BB23-000D3AC17DF1,,1CFB0EF7-A381-EB11-A812-00224836709B,,,,,2021-03-11 13:00:37.000,,,,,,,,,teste 111,EAPV-SP-000000020,,,,,,,,,,,,,,,,,,2021-01-13 20:59:34.000,,,,,,,,,,,,,,,,,,,,,,,,,,,,,,,,,,,,,,,,,,,,BFB88638-E255-EB11-A812-000D3AC1B134,,,,,,,,,,,,,,,,,,,,,,,,,,,,,,,
83B5F383-0856-EB11-A812-000D3AC1B134,,,0,869430000,,,1,2,2,2,,,,2.0,,,3.0,,2.0,2.0,,,,,2,,,0,0,0,0,0,0,0,0,0.0,0,0,0,0,0.0,0,6155ED16-884F-EB11-BB23-000D3AC17B5F,,7EE4DECF-674F-EB11-BB23-000D3AC17AEA,,B18BF1CE-724F-EB11-BB23-000D3AC17DF1,,,,01D8E629-AA81-EB11-B1AB-000D3AC17DF1,,B03CA5E1-AE81-EB11-A812-002248367596,,B03CA5E1-AE81-EB11-A812-002248367596,,,,,,,,,,1CFB0EF7-A381-EB11-A812-00224836709B,,6155ED16-884F-EB11-BB23-000D3AC17B5F,,B18BF1CE-724F-EB11-BB23-000D3AC17DF1,,,,7EE4DECF-674F-EB11-BB23-000D3AC17AEA,,,,,,5E16880C-DB4E-EB11-8FED-00155D008922,,F2C0D54B-8C4B-EB11-BB23-000D3AC17DF1,,1CFB0EF7-A381-EB11-A812-00224836709B,,SÃO PAULO,,,2021-03-11 13:58:31.000,,,,,07793-645,,41290877832.0,,MARIA DA SILVA,EAPV-SP-000000021,,,BRASIL,,832109739012,,,,---SDSAD,Sala 208 B,,,,,,2020-07-04 00:00:00.000,,2021-01-14 01:33:39.000,,0.0,,,micael.machado@smartconsulting.com.br,,,CAJAMAR,Smart Saúde,,,,,,CASA 2,,,,,,,,,,1132.0,39.0,,,,,11111111,,JOSUE LEMES DE LIMA,,Av. Dr Gastão Vidigal,,,,,Vila Leopoldina,,SAO PAULO,,83B5F383-0856-EB11-A812-000D3AC1B134,,,,,,,ASDASD,(11)99999-9999,,,05314-000,,São Paulo,,BRASIL,,,sadsadas,,,,,,,,,,,,,
EA1DD9C2-EC56-EB11-A812-000D3AC1BA11,,,0,869430000,,,0,2,0,0,0.0,,,2.0,,,3.0,,0.0,2.0,,,,,2,,,0,0,0,0,0,0,0,1,0.0,0,0,1,0,0.0,0,,,7EE4DECF-674F-EB11-BB23-000D3AC17AEA,,B18BF1CE-724F-EB11-BB23-000D3AC17DF1,,,,01D8E629-AA81-EB11-B1AB-000D3AC17DF1,,05D63145-8C4B-EB11-BB23-000D3AC17DF1,,05D63145-8C4B-EB11-BB23-000D3AC17DF1,,,,958BF1CE-724F-EB11-BB23-000D3AC17DF1,,B18BF1CE-724F-EB11-BB23-000D3AC17DF1,,,,1CFB0EF7-A381-EB11-A812-00224836709B,,F950ED16-884F-EB11-BB23-000D3AC17B5F,,,,,,,,7EE4DECF-674F-EB11-BB23-000D3AC17AEA,,1751ED16-884F-EB11-BB23-000D3AC17B5F,,5E16880C-DB4E-EB11-8FED-00155D008922,,525BC23E-8C4B-EB11-BB23-000D3AC17DF1,,1CFB0EF7-A381-EB11-A812-00224836709B,,ADAMANTINA,,,2021-03-11 13:00:37.000,SADAS,,,,07793-645,asdasdsa,41290877832.0,,MARIA DA SILVA,EAPV-SP-000000022,,,BRASIL,ASDASD,832109739012,(11)9292-9292,,SSA,ASDASD,,,,asdasdas,,2021-01-28 00:00:00.000,2020-07-04 00:00:00.000,ASDASD,2021-01-15 04:47:33.000,,0.0,,,micael.machado@smartconsulting.com.br,,,CAJAMAR,ASD,,sdbsj@sd.com,,,,CASA 2,,,,,,,,,,12.0,39.0,SASA,,2021-02-01 00:00:00.000,,11111111,,JOSUE LEMES DE LIMA,,ASD,1SJAHDJH,,ASDASD,,sds,,SAO PAULO,,EA1DD9C2-EC56-EB11-A812-000D3AC1BA11,(11)9090-9090,,,,,,ASDASD,(11)9090-9090,,,07792-340,,SAO PAULO,,AFRICA DO SUL,,sasa,sd,,,,2021-01-19 00:00:00.000,ALVARES MACHADO,,,,,,,,
CF516571-9257-EB11-A812-000D3AC1BA11,,,1,869430002,,,2,2,2,2,,,,2.0,,,3.0,,2.0,,,2.0,,,2,,,0,0,0,0,0,0,0,0,0.0,0,0,0,0,0.0,0,,,7EE4DECF-674F-EB11-BB23-000D3AC17AEA,,,,,,4902CA82-AD47-EB11-BB23-000D3AC068E2,,F2C0D54B-8C4B-EB11-BB23-000D3AC17DF1,,,,,,,,,,,,525BC23E-8C4B-EB11-BB23-000D3AC17DF1,,,,,,,,,,,,,,CD862683-F251-EB11-8FED-00155D008922,,525BC23E-8C4B-EB11-BB23-000D3AC17DF1,,525BC23E-8C4B-EB11-BB23-000D3AC17DF1,,ASDS,,,2021-03-05 22:25:37.000,,,,,07793-645,,,POLVILHO,MICAEL OLIVEIRA,EAPV-SP-000000023,,,BRASIL,,,,,,ASDASD,SADAS,,,,,,1993-05-05 00:00:00.000,,2021-01-16 00:33:28.000,,27.0,,,micael.machado@smartconsulting.com.br,,,SANTANA DE PARNAIBA,ASDAS,,,,,,CASA 2,,,,,,,,,,12.0,0.0,,,,,(11)97594-0000,,JOSUE LEMES DE LIMA,,JOSUE LEMES DE LIMA 227,,,,,asdasd,,SAO PAULO,,CF516571-9257-EB11-A812-000D3AC1BA11,,,,,,,ASDSAD,(11)9090-9090,,,07792-340,,,,,,,asdsa,,,,,,,,,,,,,
8F307D1B-C105-EC11-B6E7-000D3AC1C0D8,,,0,869430001,,4.0,2,2,2,2,,,,2.0,,1.0,3.0,7.0,2.0,3.0,,0.0,1.0,0.0,2,,,0,0,0,0,0,0,0,0,1.0,0,0,0,0,1.0,0,,,7EE4DECF-674F-EB11-BB23-000D3AC17AEA,,B18BF1CE-724F-EB11-BB23-000D3AC17DF1,,,,4902CA82-AD47-EB11-BB23-000D3AC068E2,,5CF76E99-1B8B-EB11-B1AC-002248372310,,,,,,B18BF1CE-724F-EB11-BB23-000D3AC17DF1,,B18BF1CE-724F-EB11-BB23-000D3AC17DF1,,,,5CF76E99-1B8B-EB11-B1AC-002248372310,,6155ED16-884F-EB11-BB23-000D3AC17B5F,,,,,,,,7EE4DECF-674F-EB11-BB23-000D3AC17AEA,,,,,,5CF76E99-1B8B-EB11-B1AC-002248372310,,5CF76E99-1B8B-EB11-B1AC-002248372310,,SAO PAULO,,,2021-08-25 16:59:20.000,TESTE,,MAE DO CICLANO DE TAL,,,10100,,,CICLANO DE TAL,EAPV-SP-000000075,,,,MOISES MOIZA,,(11)99386-0572,,,MOISES,MOOCA,,,,,,1996-01-02 00:00:00.000,,2021-08-25 16:25:58.000,,25.0,,,,,,,TESTE DE CNES,,KAIO.PHELLIPE@OUTLOOK.COM,,,,,,,,,,,,,,1.0,39.0,,,,,,,,,RUA DA MOOCA,RUA DA MOOCA 1,,ENFERMEIRO,,MOOCA,,,,8F307D1B-C105-EC11-B6E7-000D3AC1C0D8,(11)99386-0572,,,,,,ENFERMEIRO,(11)99386-0572,,,03165-002,,SAO PAULO,,,2021-08-25 00:00:00.000,,101011,,,,,,,,2.0,,,,,
1221BF90-E36B-EB11-A812-00224835D5BF,,,0,1,,,2,2,2,2,,,0.0,2.0,,,3.0,,2.0,1.0,,0.0,,,2,,,0,0,0,0,0,0,0,0,0.0,0,0,0,0,0.0,0,,,7EE4DECF-674F-EB11-BB23-000D3AC17AEA,,B18BF1CE-724F-EB11-BB23-000D3AC17DF1,,,,01D8E629-AA81-EB11-B1AB-000D3AC17DF1,,05D63145-8C4B-EB11-BB23-000D3AC17DF1,,05D63145-8C4B-EB11-BB23-000D3AC17DF1,,,,,,,,,,1CFB0EF7-A381-EB11-A812-00224836709B,,FD50ED16-884F-EB11-BB23-000D3AC17B5F,,,,,,,,,,,,837D1613-B85C-EB11-A812-002248367B54,,05D63145-8C4B-EB11-BB23-000D3AC17DF1,,1CFB0EF7-A381-EB11-A812-00224836709B,,AGUAI,,,2021-03-11 13:00:34.000,,,ZULEICA APARECIDA GARCIA TRINDADE,,,,21809894824.0,VILA EURO,DAVID GARCIA TRINDADE,EAPV-SP-000000037,,,BRASIL,,,,,,ASDF,,,,,,,1980-02-21 00:00:00.000,,2021-02-10 21:04:40.000,,40.0,,,,,,SAO PAULO,ASDFSADF,,,,,,APT31B,,2021-01-20 14:18:07.000,,,,,,,,,0.0,,,,,()-,,RUA PADRE JOSE LEITE PENTEADO,,AASDF,,,,,aa,,SAO PAULO,,1221BF90-E36B-EB11-A812-00224835D5BF,,,,164,,,ASDF,(98)7654-3210,,,12345-678,,SAO PAULO,,,,,aaa,,,,,,,,,,,,,
98DAA979-996C-EB11-A812-00224835D5BF,,,0,1,,,2,2,2,2,,,0.0,2.0,,,3.0,,2.0,0.0,,0.0,,,2,,,0,0,0,0,0,0,0,0,0.0,0,0,0,0,0.0,0,,,7EE4DECF-674F-EB11-BB23-000D3AC17AEA,,B18BF1CE-724F-EB11-BB23-000D3AC17DF1,,,,01D8E629-AA81-EB11-B1AB-000D3AC17DF1,,05D63145-8C4B-EB11-BB23-000D3AC17DF1,,05D63145-8C4B-EB11-BB23-000D3AC17DF1,,,,,,,,,,1CFB0EF7-A381-EB11-A812-00224836709B,,FD50ED16-884F-EB11-BB23-000D3AC17B5F,,,,,,,,,,,,B0B3C144-F64C-EB11-A812-000D3AC176F6,,525BC23E-8C4B-EB11-BB23-000D3AC17DF1,,1CFB0EF7-A381-EB11-A812-00224836709B,,AGUAI,2020-12-30 00:00:00.000,,2021-03-11 13:00:33.000,,,NOME DA MAE,,07793-645,,9884663092.0,BAIRRO,FULANO DE TAL,EAPV-SP-000000038,,(22)98765-4321,BRASIL,,1234567890,,,,SDSD,,,,,,,1980-01-14 00:00:00.000,,2021-02-11 18:46:47.000,,,,,miicael_@hotmail.com,,,CAJAMAR,ASDSA,,,,,,RUA IRMA DARIA MOREIRA,,2020-12-29 00:00:00.000,,,,,,,,22.0,0.0,,,,,(11)97594-7076,,AV PAULISTA,,SADSAD,,,,,asdasd,,SAO PAULO,,98DAA979-996C-EB11-A812-00224835D5BF,,,,2B,,,SDASD,(11)9090-9090,TESTE,,07793-645,,SAO PAULO,,,,,asds,,,,,,,,,,,,,
35F56A7C-446D-EB11-A812-00224835D5BF,,,0,1,,,2,2,2,2,,,0.0,2.0,,,3.0,,2.0,1.0,,0.0,,,2,,,0,0,0,0,0,0,0,0,0.0,0,0,0,0,0.0,0,,,7EE4DECF-674F-EB11-BB23-000D3AC17AEA,,B18BF1CE-724F-EB11-BB23-000D3AC17DF1,,,,01D8E629-AA81-EB11-B1AB-000D3AC17DF1,,05D63145-8C4B-EB11-BB23-000D3AC17DF1,,05D63145-8C4B-EB11-BB23-000D3AC17DF1,,,,,,,,,,1CFB0EF7-A381-EB11-A812-00224836709B,,F950ED16-884F-EB11-BB23-000D3AC17B5F,,,,,,,,,,,,837D1613-B85C-EB11-A812-002248367B54,,05D63145-8C4B-EB11-BB23-000D3AC17DF1,,1CFB0EF7-A381-EB11-A812-00224836709B,,ADAMANTINA,,,2021-03-11 13:00:33.000,,,ZULEICA APARECIDA GARCIA TRINDADE,,,,21809894824.0,VILA EURO,DAVID GARCIA TRINDADE,EAPV-SP-000000039,,,BRASIL,,,,,,A,,,,,,,1980-02-21 00:00:00.000,,2021-02-12 15:10:58.000,,40.0,,,,,,SAO PAULO,TESTE,,,,,,APT31B,,2021-01-20 14:18:07.000,,,,,,,,,0.0,,,,,()-,,RUA PADRE JOSE LEITE PENTEADO,,TESTE,,,,,teste,,SAO PAULO,,35F56A7C-446D-EB11-A812-00224835D5BF,,,,164,,,AAA,(98)7654-3210,,,12345-678,,SAO PAULO,,,,,teste,,,,,,,,,,,,,
C7DD763C-456D-EB11-A812-00224835D5BF,,,0,1,,,2,2,2,2,,,1.0,2.0,,,3.0,,2.0,1.0,,0.0,,,2,,,0,0,0,0,0,0,0,0,0.0,0,0,0,0,0.0,0,,,7EE4DECF-674F-EB11-BB23-000D3AC17AEA,,B18BF1CE-724F-EB11-BB23-000D3AC17DF1,,,,01D8E629-AA81-EB11-B1AB-000D3AC17DF1,,05D63145-8C4B-EB11-BB23-000D3AC17DF1,,05D63145-8C4B-EB11-BB23-000D3AC17DF1,,,,,,,,,,1CFB0EF7-A381-EB11-A812-00224836709B,,9155ED16-884F-EB11-BB23-000D3AC17B5F,,,,,,,,,,,,3B8FE2BD-B95C-EB11-A812-002248367FA0,,05D63145-8C4B-EB11-BB23-000D3AC17DF1,,1CFB0EF7-A381-EB11-A812-00224836709B,,TABAPUA,2021-02-03 14:25:44.000,,2021-03-11 13:00:33.000,,,EMILIA LOPES FERREIRA,,,,5326969807.0,RURAL,CARLOS MANOEL ALVES FERREIRA,EAPV-SP-000000040,,,BRASIL,,,,,,TTT,,,,,,,1957-11-06 00:00:00.000,,2021-02-12 15:16:12.000,,63.0,,,,,,CATIGUA,TTT,,,,,,,,2021-01-21 10:52:04.000,,,,,,,,,0.0,,,,,()-,,ESTANCIA SAN DIEGO,,TTTT,,,,,ttt,,SAO PAULO,,C7DD763C-456D-EB11-A812-00224835D5BF,,,,S/N,,,TTTT,(98)7654-3210,,,12345-678,,SAO PAULO,,,,,ttt,,,,,,,,,,,,,
CBB6CBD5-476D-EB11-A812-00224835D5BF,,,0,1,,,2,2,2,2,,,1.0,2.0,,,3.0,,2.0,1.0,,0.0,,,2,,,0,0,0,0,0,0,0,0,0.0,0,0,0,0,0.0,0,,,7EE4DECF-674F-EB11-BB23-000D3AC17AEA,,B18BF1CE-724F-EB11-BB23-000D3AC17DF1,,,,01D8E629-AA81-EB11-B1AB-000D3AC17DF1,,05D63145-8C4B-EB11-BB23-000D3AC17DF1,,05D63145-8C4B-EB11-BB23-000D3AC17DF1,,,,,,,,,,1CFB0EF7-A381-EB11-A812-00224836709B,,3F52ED16-884F-EB11-BB23-000D3AC17B5F,,,,,,,,,,,,3B8FE2BD-B95C-EB11-A812-002248367FA0,,05D63145-8C4B-EB11-BB23-000D3AC17DF1,,1CFB0EF7-A381-EB11-A812-00224836709B,,ECHAPORA,2021-02-03 14:25:44.000,,2021-03-11 13:00:33.000,,,EMILIA LOPES FERREIRA,,,,5326969807.0,RURAL,CARLOS MANOEL ALVES FERREIRA,EAPV-SP-000000041,,,BRASIL,,,,,,ASDFSADF,ASDFASDF,,,,,,1957-11-06 00:00:00.000,,2021-02-12 15:34:56.000,,63.0,,,,,,CATIGUA,ASDFDAF,,,,,,,,2021-01-21 10:52:04.000,,,,,,,,,0.0,,,,,()-,,ESTANCIA SAN DIEGO,,ASDFDSAF,,,,,ADSFADSF,,SAO PAULO,,CBB6CBD5-476D-EB11-A812-00224835D5BF,,,,S/N,,,ASDFASDFADF,(98)7654-3210,,,12345-678,,SAO PAULO,,,,,ASFDASDF,,,,,,,,,,,,,
BF5C7D67-4A6D-EB11-A812-00224835D5BF,,,0,1,,,2,2,2,2,,,0.0,2.0,,,3.0,,2.0,5.0,,1.0,,,2,,,0,0,0,0,0,0,0,0,0.0,0,0,0,0,0.0,0,,,7EE4DECF-674F-EB11-BB23-000D3AC17AEA,,B18BF1CE-724F-EB11-BB23-000D3AC17DF1,,,,4902CA82-AD47-EB11-BB23-000D3AC068E2,,42640CA3-9433-42F2-BE8B-FF84B91E46DA,,F2C0D54B-8C4B-EB11-BB23-000D3AC17DF1,,,,B18BF1CE-724F-EB11-BB23-000D3AC17DF1,,B18BF1CE-724F-EB11-BB23-000D3AC17DF1,,,,F2C0D54B-8C4B-EB11-BB23-000D3AC17DF1,,F950ED16-884F-EB11-BB23-000D3AC17B5F,,,,,,,,7EE4DECF-674F-EB11-BB23-000D3AC17AEA,,,,BEACEAA5-BC5C-EB11-A812-002248367B54,,F2C0D54B-8C4B-EB11-BB23-000D3AC17DF1,,F2C0D54B-8C4B-EB11-BB23-000D3AC17DF1,,ADAMANTINA,,,2021-02-12 15:53:14.000,,,SILVANA MARGARIDA DE SOUZA,,,,37945704808.0,SAO MANOEL,MARIA AUGUSTA DE SOUZA,EAPV-SP-000000042,,,BRASIL,,200782583610003,,,,A,A,,,,,,1995-03-01 00:00:00.000,,2021-02-12 15:53:12.000,,26.0,,,,,,SAO JOSE DO RIO PRETO,A,,,,,,,,2021-01-21 11:36:29.000,,,,,,,,,0.0,,,,,()-,,TEODORO DELMONTE,,A,,,,,A,,SAO PAULO,,BF5C7D67-4A6D-EB11-A812-00224835D5BF,,,,240,,,A,(12)3123-1231,,,12312-311,,SAO PAULO,,,,,A,,,,,,,,,,,,,
D276D975-646D-EB11-A812-00224835D5BF,,,0,1,,,2,2,2,2,,,0.0,2.0,,,3.0,,2.0,1.0,,1.0,,,2,,,0,0,0,0,0,0,0,0,0.0,0,0,0,0,0.0,0,,,7EE4DECF-674F-EB11-BB23-000D3AC17AEA,,B18BF1CE-724F-EB11-BB23-000D3AC17DF1,,,,4902CA82-AD47-EB11-BB23-000D3AC068E2,,42640CA3-9433-42F2-BE8B-FF84B91E46DA,,F2C0D54B-8C4B-EB11-BB23-000D3AC17DF1,,,,B18BF1CE-724F-EB11-BB23-000D3AC17DF1,,B18BF1CE-724F-EB11-BB23-000D3AC17DF1,,,,F2C0D54B-8C4B-EB11-BB23-000D3AC17DF1,,F950ED16-884F-EB11-BB23-000D3AC17B5F,,,,,,,,7EE4DECF-674F-EB11-BB23-000D3AC17AEA,,,,20623DA8-4767-EB11-A812-002248367FB4,,F2C0D54B-8C4B-EB11-BB23-000D3AC17DF1,,F2C0D54B-8C4B-EB11-BB23-000D3AC17DF1,,ADAMANTINA,,,2021-02-12 18:59:48.000,,,SANDRA MANTOVANI,,,,38403568819.0,CHACARA DO VISCONDE,CAMILA MANTOVANI,EAPV-SP-000000047,,,BRASIL,,,,,,A,A,,,,,,1988-12-17 00:00:00.000,,2021-02-12 18:59:42.000,,33.0,,,MANTOVANI_MILA@HOTMAIL.COM,,,TAUBATE,A,,,,,,APTO 44,,2021-01-23 10:05:26.000,,,,,,,,,0.0,,,,,()-,,RUA DO PETROLEO,,A,,,,,A,,SAO PAULO,,D276D975-646D-EB11-A812-00224835D5BF,,,,312,,,A,(12)1212-1212,,,12312-312,,SAO PAULO,,,,,A,,,,,,,,,,,,,
73D8A7D7-656D-EB11-A812-00224835D5BF,,,0,1,,,2,2,2,2,,,0.0,2.0,,,3.0,,2.0,1.0,,1.0,,,2,,,0,0,0,0,0,0,0,0,0.0,0,0,0,0,0.0,0,,,7EE4DECF-674F-EB11-BB23-000D3AC17AEA,,B18BF1CE-724F-EB11-BB23-000D3AC17DF1,,,,01D8E629-AA81-EB11-B1AB-000D3AC17DF1,,05D63145-8C4B-EB11-BB23-000D3AC17DF1,,05D63145-8C4B-EB11-BB23-000D3AC17DF1,,,,B18BF1CE-724F-EB11-BB23-000D3AC17DF1,,B18BF1CE-724F-EB11-BB23-000D3AC17DF1,,,,1CFB0EF7-A381-EB11-A812-00224836709B,,F950ED16-884F-EB11-BB23-000D3AC17B5F,,,,,,,,7EE4DECF-674F-EB11-BB23-000D3AC17AEA,,,,8EE5B6FB-1966-EB11-A812-002248367BC3,,05D63145-8C4B-EB11-BB23-000D3AC17DF1,,1CFB0EF7-A381-EB11-A812-00224836709B,,ADAMANTINA,2021-01-21 00:00:00.000,,2021-03-11 13:00:32.000,,,ANA CLAUDIA BALDUINO,,,,24738013807.0,SAO LUCAS,MARCILENE BALDUINO FURLAN,EAPV-SP-000000048,,,BRASIL,,,,,,ASDFAFDSFASDF,,,,,,,1975-06-07 00:00:00.000,,2021-02-12 19:09:40.000,,46.0,,,,,,ITAPOLIS,ADASFJ,,,,,,,,2021-01-21 00:00:00.000,,,,,,,,,0.0,,,,,(16)32669-0500,,ZUMBI DOS PALMARES,,SADCLFKJADSFLKJ,,,,,saldfçlkdjf,,SAO PAULO,,73D8A7D7-656D-EB11-A812-00224835D5BF,,,,51,,,ASDF ASDF SD,(98)7654-3210,,,12345-678,,SAO PAULO,,,,,tst,,,,,,,,,,,,,
C5C5FB33-666D-EB11-A812-00224835D5BF,,,0,1,,,2,2,2,2,,,0.0,2.0,,,3.0,,2.0,1.0,,1.0,,,2,,,0,0,0,0,0,0,0,0,0.0,0,0,0,0,0.0,0,,,7EE4DECF-674F-EB11-BB23-000D3AC17AEA,,B18BF1CE-724F-EB11-BB23-000D3AC17DF1,,,,01D8E629-AA81-EB11-B1AB-000D3AC17DF1,,05D63145-8C4B-EB11-BB23-000D3AC17DF1,,05D63145-8C4B-EB11-BB23-000D3AC17DF1,,,,B18BF1CE-724F-EB11-BB23-000D3AC17DF1,,B18BF1CE-724F-EB11-BB23-000D3AC17DF1,,,,1CFB0EF7-A381-EB11-A812-00224836709B,,FD50ED16-884F-EB11-BB23-000D3AC17B5F,,,,,,,,7EE4DECF-674F-EB11-BB23-000D3AC17AEA,,,,E0839D65-2F67-EB11-A812-002248367FB4,,05D63145-8C4B-EB11-BB23-000D3AC17DF1,,1CFB0EF7-A381-EB11-A812-00224836709B,,AGUAI,2021-02-03 13:58:34.000,,2021-03-11 13:00:32.000,,,MARIA PRADO ORTEGA,,00000-002,,13343667803.0,CENTRO,IVETE LOURENO RAMOS,EAPV-SP-000000049,,,BRASIL,,,,,,ASDF ASDFA,,,,,,,1957-05-07 00:00:00.000,,2021-02-12 19:12:17.000,,64.0,,,Dois@dois.ii,,,CATIGUA,ASDFSADFA S,,,,,,,,2021-01-21 15:57:48.000,,,,,,,,,0.0,,,,,()-,,AV JOSE ZANCANER,,AV PAULISTA 1000,,,,,asdf,,SAO PAULO,,C5C5FB33-666D-EB11-A812-00224835D5BF,,,,1181,,,ASDFA SD ASD F,(12)3456-7890,,,12345-678,,SAO PAULO,,,,,---sfd asdf asdf,,,,,,,,,,,,,
2BE0824F-686D-EB11-A812-00224835D5BF,,,0,869430000,,5.0,2,2,2,2,,,1.0,2.0,,1.0,3.0,,2.0,1.0,2.0,1.0,0.0,,2,,,0,0,0,0,0,0,0,0,0.0,0,0,0,0,1.0,0,,,7EE4DECF-674F-EB11-BB23-000D3AC17AEA,,B18BF1CE-724F-EB11-BB23-000D3AC17DF1,,,,4902CA82-AD47-EB11-BB23-000D3AC068E2,,5CF76E99-1B8B-EB11-B1AC-002248372310,,,,,,B18BF1CE-724F-EB11-BB23-000D3AC17DF1,,B18BF1CE-724F-EB11-BB23-000D3AC17DF1,,,,F2C0D54B-8C4B-EB11-BB23-000D3AC17DF1,,BB51ED16-884F-EB11-BB23-000D3AC17B5F,,,,,,,,7EE4DECF-674F-EB11-BB23-000D3AC17AEA,,,,1FF80F55-B85C-EB11-A812-002248367B54,,F2C0D54B-8C4B-EB11-BB23-000D3AC17DF1,,F2C0D54B-8C4B-EB11-BB23-000D3AC17DF1,,CACHOEIRA PAULISTA,,,2021-08-10 15:10:22.000,A,,EVELYN ROSENBERG,,,A,320892794.0,VILA MARIANA,SIMONE ROSENBERG,EAPV-SP-000000050,,,BRASIL,A,980016294253654,(11)11111-1111,,,A,,,,,,,1969-10-25 00:00:00.000,,2021-02-12 19:27:21.000,,52.0,,,,,,SAO PAULO,A,,a@bb.cc,,,,APTO 132,,2021-01-21 08:42:49.000,,,,,,,,,0.0,,,,,()-,,AVENIDA ENGENHEIRO LUIZ GOMES CARDIM SANGIRARDI,,A,A,,A,,A,,SAO PAULO,,2BE0824F-686D-EB11-A812-00224835D5BF,(11)11111-1111,,,770,,,A,(12)3123-1231,,,12312-312,,SAO PAULO,,,,,A,,,,,,,,,,,,,
82348CC2-6B6D-EB11-A812-00224835D5BF,,,0,1,,,2,2,2,2,,,0.0,2.0,,,3.0,,2.0,1.0,,1.0,,,2,,,0,0,0,0,0,0,0,0,0.0,0,0,0,0,0.0,0,,,7EE4DECF-674F-EB11-BB23-000D3AC17AEA,,B18BF1CE-724F-EB11-BB23-000D3AC17DF1,,,,01D8E629-AA81-EB11-B1AB-000D3AC17DF1,,05D63145-8C4B-EB11-BB23-000D3AC17DF1,,05D63145-8C4B-EB11-BB23-000D3AC17DF1,,,,B18BF1CE-724F-EB11-BB23-000D3AC17DF1,,B18BF1CE-724F-EB11-BB23-000D3AC17DF1,,,,1CFB0EF7-A381-EB11-A812-00224836709B,,E554ED16-884F-EB11-BB23-000D3AC17B5F,,,,,,,,7EE4DECF-674F-EB11-BB23-000D3AC17AEA,,,,E0839D65-2F67-EB11-A812-002248367FB4,,05D63145-8C4B-EB11-BB23-000D3AC17DF1,,1CFB0EF7-A381-EB11-A812-00224836709B,,SABINO,2021-02-03 13:58:34.000,,2021-03-11 13:00:32.000,,,MARIA PRADO ORTEGA,,,,13343667803.0,CENTRO,IVETE LOURENO RAMOS,EAPV-SP-000000051,,,BRASIL,,,,,,ASDF ASDF ADS F,,,,,,,1957-05-07 00:00:00.000,,2021-02-12 19:52:00.000,,64.0,,,,,,CATIGUA,ASDFA SDF,,,,,,,,2021-01-21 15:57:48.000,,,,,,,,,0.0,,,,,()-,,AV JOSE ZANCANER,,AS DFASDF,,,,,ASDFA,,SAO PAULO,,82348CC2-6B6D-EB11-A812-00224835D5BF,,,,1181,,,A SDFADS,(12)3456-7890,,,12345-678,,SAO PAULO,,,,,ASDF AS ASFD,,,,,,,,,,,,,
0878BC93-4D6D-EB11-A812-00224835D769,,,0,1,,,2,2,2,2,,,,2.0,5.0,,3.0,,2.0,0.0,,0.0,,2.0,2,,,0,0,0,0,0,0,0,0,0.0,0,0,0,0,0.0,0,,,7EE4DECF-674F-EB11-BB23-000D3AC17AEA,,B18BF1CE-724F-EB11-BB23-000D3AC17DF1,,,,D3D7E629-AA81-EB11-B1AB-000D3AC17DF1,,B03CA5E1-AE81-EB11-A812-002248367596,,,,,,,,,,,,B03CA5E1-AE81-EB11-A812-002248367596,,F950ED16-884F-EB11-BB23-000D3AC17B5F,,,,,,,,,,,,05811613-B85C-EB11-A812-002248367B54,,F2C0D54B-8C4B-EB11-BB23-000D3AC17DF1,,B03CA5E1-AE81-EB11-A812-002248367596,,ADAMANTINA,,,2021-03-15 13:49:02.000,,,MARIA SAO PEDRO DE OLIVEIRA,,,,81897359853.0,CENTRO,JOSE CARLOS OLIVEIRA,EAPV-SP-000000043,,,BRASIL,,708405777126061,,,,A,A,,,,,,1954-06-13 00:00:00.000,,2021-02-12 16:15:55.000,,66.0,,,,,,DIADEMA,A,,,,,,,,2021-01-20 09:01:32.000,,,,,,,,,0.0,,,,,()-,,AVENIDA VISCONDE RIO BRANCO,,A,,,,,A,,SAO PAULO,,0878BC93-4D6D-EB11-A812-00224835D769,,,,168,,,A,(12)1212-1212,,,12312-131,,SAO PAULO,,,,,A,,,,,,,,,,,,,
4AA121E3-4D6D-EB11-A812-00224835D769,,,0,1,,,2,2,2,2,,,0.0,2.0,,,3.0,,2.0,4.0,,0.0,,,2,,,0,0,0,0,0,0,0,0,0.0,0,0,0,0,0.0,0,,,7EE4DECF-674F-EB11-BB23-000D3AC17AEA,,B18BF1CE-724F-EB11-BB23-000D3AC17DF1,,,,01D8E629-AA81-EB11-B1AB-000D3AC17DF1,,B03CA5E1-AE81-EB11-A812-002248367596,,B03CA5E1-AE81-EB11-A812-002248367596,,,,,,,,,,1CFB0EF7-A381-EB11-A812-00224836709B,,FB50ED16-884F-EB11-BB23-000D3AC17B5F,,,,,,,,,,,,18E161FF-3567-EB11-A812-002248367BC3,,F2C0D54B-8C4B-EB11-BB23-000D3AC17DF1,,1CFB0EF7-A381-EB11-A812-00224836709B,,ADOLFO,,,2021-03-11 14:54:50.000,,,MARIA JOSE DA SILVA,,,,67760236468.0,JARDIM SAO JUDAS TADEU,ROBERIO JOSE DA SILVA,EAPV-SP-000000044,,,BRASIL,,,,,,A,A,,,,,,1970-01-24 00:00:00.000,,2021-02-12 16:18:08.000,,51.0,,,,,,TABOAO DA SERRA,A,,,,,,CASA,,2021-02-03 18:26:36.000,,,,,,,,,0.0,,,,,()-,,ISOLINA MARIA DO PRADO,,A,,,,,---A,,SAO PAULO,,4AA121E3-4D6D-EB11-A812-00224835D769,,,,175,,,A,(12)1212-1212,,,12121-212,,SAO PAULO,,,,,A,,,,,,,,,,,,,
C03FE53E-4E6D-EB11-A812-00224835D769,,,0,1,,,2,2,2,2,,,,2.0,,,3.0,,2.0,1.0,,1.0,,,2,,,0,0,0,0,0,0,0,0,0.0,0,0,0,0,0.0,0,,,7EE4DECF-674F-EB11-BB23-000D3AC17AEA,,B18BF1CE-724F-EB11-BB23-000D3AC17DF1,,,,4902CA82-AD47-EB11-BB23-000D3AC068E2,,F2C0D54B-8C4B-EB11-BB23-000D3AC17DF1,,,,,,,,,,,,F2C0D54B-8C4B-EB11-BB23-000D3AC17DF1,,E555ED16-884F-EB11-BB23-000D3AC17B5F,,,,,,,,,,,,CBEE6115-B85C-EB11-A812-002248367FA0,,F2C0D54B-8C4B-EB11-BB23-000D3AC17DF1,,F2C0D54B-8C4B-EB11-BB23-000D3AC17DF1,,VALENTIM GENTIL,,,2021-02-12 16:20:55.000,,,ZENEIDE SERRAO DE MEDEIROS,,,,48985015834.0,JARDIM PAULISTA,AGABA EULALIA SERRAO DE MEDEIROS,EAPV-SP-000000045,,,BRASIL,,104196966170001,,,,A,A,,,,,,1944-03-09 00:00:00.000,,2021-02-12 16:20:46.000,,77.0,,,,,,SAO PAULO,A,,,,,,APTO 42,,2021-01-19 07:33:15.000,,,,,,,,,0.0,,,,,()-,,ALAMEDA JA??,,A,,,,,A,,SAO PAULO,,C03FE53E-4E6D-EB11-A812-00224835D769,,,,66,,,A,(12)1212-1212,,,12312-312,,SAO PAULO,,,,,A,,,,,,,,,,,,,
E3E434BE-4E6D-EB11-A812-00224835D769,,,0,1,,,2,2,2,2,,,,2.0,,,3.0,,2.0,1.0,,1.0,,,2,,,0,0,0,0,0,0,0,0,0.0,0,0,0,0,0.0,0,,,7EE4DECF-674F-EB11-BB23-000D3AC17AEA,,B58BF1CE-724F-EB11-BB23-000D3AC17DF1,,,,4902CA82-AD47-EB11-BB23-000D3AC068E2,,42640CA3-9433-42F2-BE8B-FF84B91E46DA,,F2C0D54B-8C4B-EB11-BB23-000D3AC17DF1,,,,B18BF1CE-724F-EB11-BB23-000D3AC17DF1,,B18BF1CE-724F-EB11-BB23-000D3AC17DF1,,,,F2C0D54B-8C4B-EB11-BB23-000D3AC17DF1,,,,,,,,,,7EE4DECF-674F-EB11-BB23-000D3AC17AEA,,,,C6BE0E19-B85C-EB11-A812-002248367B54,,F2C0D54B-8C4B-EB11-BB23-000D3AC17DF1,,F2C0D54B-8C4B-EB11-BB23-000D3AC17DF1,,AS,,,2021-02-12 16:24:24.000,,,ELOISA HELENA ALVES DA SILVA,,,,30986002844.0,REAL PARK TIETE JUNDIAPEBA,KAREN EVELIN ALVES ELLER,EAPV-SP-000000046,,,BRASIL,,132507668510001,,,,AS,,,,,,,1982-01-19 00:00:00.000,,2021-02-12 16:24:23.000,,39.0,,,,,,MOGI DAS CRUZES,A,,,,,,,,2021-01-20 10:04:55.000,,,,,,,,,0.0,,,,,()-,,RUA PAULO ALVES DOS ANJOS,,A,,,,,A,,SAO PAULO,,E3E434BE-4E6D-EB11-A812-00224835D769,,,,201,,,AS,(12)3123-1231,,,12312-312,,SANTA CATARINA,,,,,A,,,,,,,,,,,,,
ED2A943C-6D82-EB11-A812-002248367596,,,1,869430002,,,2,2,2,2,,,0.0,2.0,1.0,,3.0,,2.0,0.0,,0.0,,2.0,2,,,0,0,0,0,0,0,0,0,0.0,0,0,0,0,0.0,0,,,7EE4DECF-674F-EB11-BB23-000D3AC17AEA,,B18BF1CE-724F-EB11-BB23-000D3AC17DF1,,,,D3D7E629-AA81-EB11-B1AB-000D3AC17DF1,,F2C0D54B-8C4B-EB11-BB23-000D3AC17DF1,,,,,,B18BF1CE-724F-EB11-BB23-000D3AC17DF1,,B18BF1CE-724F-EB11-BB23-000D3AC17DF1,,,,8C3CA5E1-AE81-EB11-A812-002248367596,,6155ED16-884F-EB11-BB23-000D3AC17B5F,,,,,,,,7EE4DECF-674F-EB11-BB23-000D3AC17AEA,,,,B0B3C144-F64C-EB11-A812-000D3AC176F6,,05D63145-8C4B-EB11-BB23-000D3AC17DF1,,8C3CA5E1-AE81-EB11-A812-002248367596,,SAO PAULO,2020-12-30 00:00:00.000,,2021-03-15 13:46:33.000,SAFDLDSF,,NOME DA MAE,,07793-645,ASLDFASFD,9884663092.0,BAIRRO,FULANO DE TAL,EAPV-SP-000000065,,(22)98765-4321,BRASIL,ASDFASFD,1234567890,(11)4444-4444,,,ASDFDA FA,SADSAFA,,,,,,1980-01-14 00:00:00.000,,2021-03-11 13:25:30.000,,41.0,,,xxxx@XX.com,,,CAJAMAR,ASDFSAD FADS,,454@444.com,,,,RUA IRMA DARIA MOREIRA,,2020-12-29 00:00:00.000,,,,,,,,,0.0,,,,,(11)97594-7076111,,AV PAULISTA,,ASFD ASDFASDF,ASDFA ASDF ASDF,,ADFSDS,,ASDFAS,,SAO PAULO,,ED2A943C-6D82-EB11-A812-002248367596,(11)66666-6666,,,2B,,,ADSFAD S,(11)44444-4444,TESTE,,12345-678,,SAO PAULO,,,2021-03-10 00:00:00.000,,3543,,,,,,,,2.0,,F2C0D54B-8C4B-EB11-BB23-000D3AC17DF1,,,
68BF2356-A257-EB11-A812-002248367B54,,,0,869430000,,5.0,2,1,1,0,0.0,,0.0,1.0,,1.0,3.0,,0.0,2.0,,0.0,,0.0,2,,,0,0,0,0,0,0,0,0,1.0,0,0,0,0,0.0,0,6155ED16-884F-EB11-BB23-000D3AC17B5F,,7EE4DECF-674F-EB11-BB23-000D3AC17AEA,,B18BF1CE-724F-EB11-BB23-000D3AC17DF1,,1351ED16-884F-EB11-BB23-000D3AC17B5F,,01D8E629-AA81-EB11-B1AB-000D3AC17DF1,,05D63145-8C4B-EB11-BB23-000D3AC17DF1,,05D63145-8C4B-EB11-BB23-000D3AC17DF1,,45406895-3258-EB11-BB23-000D3AC17AEA,,B18BF1CE-724F-EB11-BB23-000D3AC17DF1,,,,,,1CFB0EF7-A381-EB11-A812-00224836709B,,1351ED16-884F-EB11-BB23-000D3AC17B5F,,B18BF1CE-724F-EB11-BB23-000D3AC17DF1,,,,,,,,,,,,525BC23E-8C4B-EB11-BB23-000D3AC17DF1,,1CFB0EF7-A381-EB11-A812-00224836709B,,ALUMÍNIO,,,2021-03-11 13:00:37.000,,,JANE DOE,,07792-340,,76555121599.0,CENTRO,JOHN DOE,EAPV-SP-000000024,,,,,121,,,,ASASA,ASA,,,asa,,2021-01-27 00:00:00.000,1930-06-25 00:00:00.000,ASAS,2021-01-16 02:27:17.000,,90.0,,,xxxx@lmk.com,,,SAO PAULO,ASDASD,,,,,,,,,,,,,,,,12.0,0.0,ALUMÍNIO,,,,(99)99999-9999,,RUA DO GLICERIO,,JOSUE LEMES DE LIMA 227,,,,,asas,,SAO PAULO,,68BF2356-A257-EB11-A812-002248367B54,,,,99,,,ASAS,(11)9090-9090,"ACONA (WAKONAS, NACONAS, JAKONA, ACORANES)",,07792-340,,SÃO PAULO,,,,,sdas,,,,,,,,,,,,,
E44FE69B-AE67-EB11-A812-002248367BC3,,,0,869430000,,,2,2,2,2,,,,2.0,,,3.0,,2.0,,,2.0,,,2,,,0,0,0,0,0,0,0,0,1.0,0,0,0,0,0.0,0,,,7EE4DECF-674F-EB11-BB23-000D3AC17AEA,,B18BF1CE-724F-EB11-BB23-000D3AC17DF1,,,,01D8E629-AA81-EB11-B1AB-000D3AC17DF1,,05D63145-8C4B-EB11-BB23-000D3AC17DF1,,05D63145-8C4B-EB11-BB23-000D3AC17DF1,,,,,,,,,,1CFB0EF7-A381-EB11-A812-00224836709B,,6751ED16-884F-EB11-BB23-000D3AC17B5F,,,,,,,,,,,,,,05D63145-8C4B-EB11-BB23-000D3AC17DF1,,1CFB0EF7-A381-EB11-A812-00224836709B,,BANANAL,,,2021-03-11 13:00:35.000,,,,,,,,,ASDFSADFA ASDFA DS,EAPV-SP-000000031,,,,,A,,,,---ASDF,,,,,,,,,2021-02-05 12:35:25.000,,,,,,,,,ASFDSAF,,,,,,,,,,,,,,,,,,,,,,,,,,ASDFAFFDS,,,,,SADFADSF,,,,E44FE69B-AE67-EB11-A812-002248367BC3,,,,,,,ASDF,(11)98628-1006,,,22222-222,,SAO PAULO,,,,,ASFDA D,,,,,,,,,,,,,
7A296E87-B067-EB11-A812-002248367BC3,,,0,869430000,,,2,2,2,2,,,,2.0,,,3.0,,2.0,,,2.0,,,2,,,0,0,0,0,0,0,0,0,1.0,0,0,0,0,0.0,0,,,7EE4DECF-674F-EB11-BB23-000D3AC17AEA,,B18BF1CE-724F-EB11-BB23-000D3AC17DF1,,,,01D8E629-AA81-EB11-B1AB-000D3AC17DF1,,05D63145-8C4B-EB11-BB23-000D3AC17DF1,,05D63145-8C4B-EB11-BB23-000D3AC17DF1,,,,,,,,,,1CFB0EF7-A381-EB11-A812-00224836709B,,2B52ED16-884F-EB11-BB23-000D3AC17B5F,,,,,,,,,,,,,,05D63145-8C4B-EB11-BB23-000D3AC17DF1,,1CFB0EF7-A381-EB11-A812-00224836709B,,DIADEMA,,,2021-03-11 13:00:34.000,,,,,,,,,TESTE DOIS,EAPV-SP-000000032,,,,,,,,,ADSF,,,,,,,,,2021-02-05 12:49:11.000,,,,,,,,,ADFADADS,,,,,,,,,,,,,,,,,,,,,,,,,,ASDF,,,,,---aasfd,,,,7A296E87-B067-EB11-A812-002248367BC3,,,,,,,ASDFA,(11)9999-9999,,,00000-002,,SAO PAULO,,,,,ffffff,,,,,,,,,,,,,
4FEE3293-B567-EB11-A812-002248367BC3,,,0,869430000,,,2,2,0,2,,,0.0,2.0,,1.0,3.0,,2.0,0.0,,0.0,,,2,,,0,0,0,0,0,0,0,1,0.0,0,0,0,0,0.0,0,,,7EE4DECF-674F-EB11-BB23-000D3AC17AEA,,B18BF1CE-724F-EB11-BB23-000D3AC17DF1,,,,01D8E629-AA81-EB11-B1AB-000D3AC17DF1,,05D63145-8C4B-EB11-BB23-000D3AC17DF1,,05D63145-8C4B-EB11-BB23-000D3AC17DF1,,,,,,,,,,1CFB0EF7-A381-EB11-A812-00224836709B,,3F52ED16-884F-EB11-BB23-000D3AC17B5F,,,,,,,,,,,,B0B3C144-F64C-EB11-A812-000D3AC176F6,,05D63145-8C4B-EB11-BB23-000D3AC17DF1,,1CFB0EF7-A381-EB11-A812-00224836709B,,ECHAPORA,2020-12-30 00:00:00.000,,2021-03-11 13:00:34.000,ADSAADS FAS FA FDSADF,,NOME DA MAE,,07793-645,TESTE,9884663092.0,BAIRRO,FULANO DE TAL,EAPV-SP-000000033,,(22)98765-4321,BRASIL,ASDF A FDASF ASDF DSAF,1234567890,(11)55555-5555,,,ASDFSADF,,,,,,,1980-01-14 00:00:00.000,,2021-02-05 13:25:20.000,,41.0,,,miicael_@hotmail.com,,,CAJAMAR,ADSFDSAF,,454@444.com,,,,RUA IRMA DARIA MOREIRA,,2020-12-29 00:00:00.000,,,,,,,,,0.0,,,,,(11)97594-7076,,AV PAULISTA,,ASDFDSF,---ASDF ASDF ASDF,,ASDFAS DF ASDF D,,ASDFASD,,SAO PAULO,,4FEE3293-B567-EB11-A812-002248367BC3,(11)99999-9999,,,2B,,,ASDFSD,(12)3456-7890,TESTE,,00000-002,,SAO PAULO,,,,OUTRA DOENCA PRE,aasdfad,,,,,,LAUDO TESTE TESTE TESTE,,,,,,,
B18937D4-B567-EB11-A812-002248367BC3,,,1,2,,,2,2,2,2,,,,2.0,,,3.0,,2.0,,,2.0,,,2,,,0,0,0,0,0,0,0,0,1.0,0,0,0,0,0.0,0,,,7EE4DECF-674F-EB11-BB23-000D3AC17AEA,,B18BF1CE-724F-EB11-BB23-000D3AC17DF1,,,,4902CA82-AD47-EB11-BB23-000D3AC068E2,,F2C0D54B-8C4B-EB11-BB23-000D3AC17DF1,,,,,,,,,,,,05D63145-8C4B-EB11-BB23-000D3AC17DF1,,FB50ED16-884F-EB11-BB23-000D3AC17B5F,,,,,,,,,,,,,,05D63145-8C4B-EB11-BB23-000D3AC17DF1,,05D63145-8C4B-EB11-BB23-000D3AC17DF1,,ADOLFO,,,2021-03-02 13:23:19.000,,,,,,,,,ADSF,EAPV-SP-000000034,,,,,,,,,ASDF,,,,,,,,,2021-02-05 13:27:06.000,,,,,,,,,---ASDFDSAF,,,,,,,,,,,,,,,,,,,,,,,,,,ASDF,,,,,ADSFDSAF,,,,B18937D4-B567-EB11-A812-002248367BC3,,,,,,,---ASDF,(12)3456-7890,,,00000-002,,SAO PAULO,,,,,ASDF,,,,,,,,,,,,,
AB1CD1F3-B567-EB11-A812-002248367BC3,,,1,869430002,,,2,2,2,2,,,,2.0,,,3.0,,2.0,,,2.0,,0.0,2,,,0,0,0,0,0,0,0,0,1.0,0,0,0,0,0.0,0,,,7EE4DECF-674F-EB11-BB23-000D3AC17AEA,,B18BF1CE-724F-EB11-BB23-000D3AC17DF1,,,,01D8E629-AA81-EB11-B1AB-000D3AC17DF1,,B03CA5E1-AE81-EB11-A812-002248367596,,B03CA5E1-AE81-EB11-A812-002248367596,,,,,,,,,,1CFB0EF7-A381-EB11-A812-00224836709B,,F950ED16-884F-EB11-BB23-000D3AC17B5F,,,,,,,,,,,,,,05D63145-8C4B-EB11-BB23-000D3AC17DF1,,1CFB0EF7-A381-EB11-A812-00224836709B,,ADAMANTINA,,,2021-03-11 14:06:19.000,ASDFASFDS ASDF ASDF,,,,,DSFAFDS,,,ASDFSADFS,EAPV-SP-000000035,,,,ASDFA DSF SA D,A,(11)54321-1234,,,ASDF,,,,,,,,,2021-02-05 13:28:04.000,,,,,,,,,ASDFSD,,Dois@dois.ii,,,,,,,,,,,,,,,,,,,,,,,,ASDF,AV PAULISTA 1000,,ASDF AS DF,,ASDF,,,,AB1CD1F3-B567-EB11-A812-002248367BC3,(11)99999-1111,,,,,,ADSF,(12)3456-7890,,,00000-002,,SAO PAULO,,,,,ASDFDSAF,,,,,,,,,,,,,
B7912209-3C58-EB11-A812-002248367FA0,,,0,869430000,,,2,2,2,2,,,,2.0,,,3.0,,2.0,2.0,,2.0,,1.0,2,,,0,0,0,0,0,0,0,0,1.0,0,0,0,0,0.0,0,,,7EE4DECF-674F-EB11-BB23-000D3AC17AEA,,958BF1CE-724F-EB11-BB23-000D3AC17DF1,,,,01D8E629-AA81-EB11-B1AB-000D3AC17DF1,,05D63145-8C4B-EB11-BB23-000D3AC17DF1,,05D63145-8C4B-EB11-BB23-000D3AC17DF1,,,,,,,,,,1CFB0EF7-A381-EB11-A812-00224836709B,,,,,,,,,,,,,,,,525BC23E-8C4B-EB11-BB23-000D3AC17DF1,,1CFB0EF7-A381-EB11-A812-00224836709B,,SDASDSA,,,2021-03-11 13:00:36.000,,,,,,,,,,EAPV-SP-000000025,,,,,,,,,ASDAS,ASDASD,,,,,,2021-01-21 00:00:00.000,,2021-01-16 20:47:29.000,,0.0,,,,,,,ASDASD,,,,,,,,,,,,,,,,212.0,39.0,,,,,,,,,ASDASDAS,,,,,asadas,,,,B7912209-3C58-EB11-A812-002248367FA0,,,,,,,ASDASD,(11)90909-9090,,,07792-340,,AMAPA,,,,,sadasd,,,,,,,,,,,,,
58293323-0967-EB11-A812-002248367FB4,,,0,869430000,,,2,2,2,2,,,0.0,2.0,,,3.0,,2.0,0.0,,0.0,,,2,,,0,0,0,0,0,0,0,0,0.0,0,0,0,0,0.0,0,,,7EE4DECF-674F-EB11-BB23-000D3AC17AEA,,B18BF1CE-724F-EB11-BB23-000D3AC17DF1,,,,01D8E629-AA81-EB11-B1AB-000D3AC17DF1,,05D63145-8C4B-EB11-BB23-000D3AC17DF1,,05D63145-8C4B-EB11-BB23-000D3AC17DF1,,,,,,,,,,1CFB0EF7-A381-EB11-A812-00224836709B,,E954ED16-884F-EB11-BB23-000D3AC17B5F,,,,,,,,,,,,B0B3C144-F64C-EB11-A812-000D3AC176F6,,05D63145-8C4B-EB11-BB23-000D3AC17DF1,,1CFB0EF7-A381-EB11-A812-00224836709B,,SALES,2020-12-30 00:00:00.000,,2021-03-11 13:00:35.000,,,NOME DA MAE,,07793-645,,9884663092.0,BAIRRO,FULANO DE TAL,EAPV-SP-000000029,,(22)98765-4321,BRASIL,,1234567890,,,,ASDFASDF,,,,,,,1980-01-14 00:00:00.000,,2021-02-04 16:50:55.000,,41.0,,,miicael_@hotmail.com,,,CAJAMAR,ADF,,,,,,RUA IRMA DARIA MOREIRA,,2020-12-29 00:00:00.000,,,,,,,,,0.0,,,,,(11)97594-7076,,AV PAULISTA,,ASDF,,,,,XX,,SAO PAULO,,58293323-0967-EB11-A812-002248367FB4,,,,2B,,,ASDF,(11)99999-9999,TESTE,,44444-944,,SAO PAULO,,,,,XX,,,,,,,,,,,,,
05EB1175-1C67-EB11-A812-002248367FB4,,,0,869430000,,,2,2,2,2,,,0.0,2.0,,,3.0,,2.0,1.0,2.0,0.0,,,2,,,0,0,0,0,0,0,0,0,0.0,0,0,0,0,0.0,0,,,7EE4DECF-674F-EB11-BB23-000D3AC17AEA,,B18BF1CE-724F-EB11-BB23-000D3AC17DF1,,,,01D8E629-AA81-EB11-B1AB-000D3AC17DF1,,5CF76E99-1B8B-EB11-B1AC-002248372310,,,,,,,,,,,,1CFB0EF7-A381-EB11-A812-00224836709B,,0751ED16-884F-EB11-BB23-000D3AC17B5F,,,,,,,,,,,,A7801613-B85C-EB11-A812-002248367B54,,05D63145-8C4B-EB11-BB23-000D3AC17DF1,,1CFB0EF7-A381-EB11-A812-00224836709B,,AGUDOS,,,2021-08-10 15:06:56.000,NOTIFIQUEIROS NOTIFICANTES,,FERNANDA FERNANDES TUCANO,,,1123456,26732686852.0,MIRANDOPOLIS,REGIS TUCANO,EAPV-SP-000000030,,,BRASIL,JOSE VENDRAMINI,204309919880003,(11)99386-0572,,,TESTE,,,,,,,1972-10-01 00:00:00.000,,2021-02-04 19:09:18.000,,48.0,,,REGIS.TUCANO@IMEDGROUP.COM.BR,,,SAO PAULO,TESTE,,kaiomelo@sp.gov.br,,,,APTO 172,,2021-01-17 15:38:21.000,,,,,,,,,0.0,,,,,()-,,ANA LUIS GOES,,TESTE,RUA NESTOR HOMEM DE MELO 161,,ENFERMEIRO,,teste,,SAO PAULO,,05EB1175-1C67-EB11-A812-002248367FB4,(11)99386-0572,,,1620,,,TESTE,(11)98765-4321,,,01234-567,,SAO PAULO,,,,,teste,,,,,,,,,,,,,
BAB2D246-C967-EB11-A812-002248367FB4,,,1,869430002,,,2,2,2,2,,,,2.0,,,3.0,,2.0,,,2.0,,0.0,2,,,0,0,0,0,0,0,0,0,1.0,0,0,0,0,0.0,0,,,7EE4DECF-674F-EB11-BB23-000D3AC17AEA,,B18BF1CE-724F-EB11-BB23-000D3AC17DF1,,,,4902CA82-AD47-EB11-BB23-000D3AC068E2,,F2C0D54B-8C4B-EB11-BB23-000D3AC17DF1,,,,,,,,,,,,05D63145-8C4B-EB11-BB23-000D3AC17DF1,,9155ED16-884F-EB11-BB23-000D3AC17B5F,,,,,,,,,,,,,,05D63145-8C4B-EB11-BB23-000D3AC17DF1,,05D63145-8C4B-EB11-BB23-000D3AC17DF1,,TABAPUA,,,2021-03-05 22:10:27.000,ENCERRAR,,,,,Encerrar,,,EE POWER OP,EAPV-SP-000000036,,,,ENCERRAR,,(11)9090-9090,,,ASDF,,,,,,,,,2021-02-05 15:46:21.000,,,,,,,,,ASDF ASD AS,,en@ce.rrar,,,,,,,,,,,,,,,,,,,,,,,,ASDF ASDAF SAD,ENCERRAR,,ENCERRAR,,a sdfas d,,,,BAB2D246-C967-EB11-A812-002248367FB4,(11)9090-9090,,,,,,SDF,(12)3456-7890,,,00000-002,,SAO PAULO,,,,,asdf asdf,,,,,,,,,,,,,
8C2D7C0A-0FB4-EB11-8236-00224836A53D,,,0,869430001,,,2,2,2,2,,,,2.0,,,3.0,,2.0,,2.0,2.0,,,2,,,0,0,0,0,0,0,0,0,0.0,0,0,0,0,0.0,0,,,7EE4DECF-674F-EB11-BB23-000D3AC17AEA,,B18BF1CE-724F-EB11-BB23-000D3AC17DF1,,,,4902CA82-AD47-EB11-BB23-000D3AC068E2,,5BF76E99-1B8B-EB11-B1AC-002248372310,,,,,,B18BF1CE-724F-EB11-BB23-000D3AC17DF1,,B18BF1CE-724F-EB11-BB23-000D3AC17DF1,,,,F2C0D54B-8C4B-EB11-BB23-000D3AC17DF1,,F950ED16-884F-EB11-BB23-000D3AC17B5F,,,,,,,,7EE4DECF-674F-EB11-BB23-000D3AC17AEA,,,,7CF92DBD-A2AE-EB11-89EE-00155D013C81,,F2C0D54B-8C4B-EB11-BB23-000D3AC17DF1,,F2C0D54B-8C4B-EB11-BB23-000D3AC17DF1,,ADAMANTINA,,,2021-09-17 14:46:09.000,TESTE ESTABELECIMENTO,,,,,11103,38588972808.0,,KAIO PHELLIPE LINO COUTINHO MELO,EAPV-SP-000000073,,,BRASIL,OSVALDO BRANDAO,,(11)99386-0572,,,NOME,COMP,,,,,,1991-03-02 00:00:00.000,,2021-05-13 17:17:11.000,,30.0,,,kaiomelo@sp.gov.br,,,SAO PAULO,NOME,,kaiomelo@sp.gov.br,,,,,,2021-05-12 00:00:00.000,,,,,,,,100.0,0.0,,,,,(11)99386-0572,,RUA NESTOR HOMEM DE MELO,,END,RUA DA MOOCA 400,,ENFERMEIRO,,BAIRRO,,SAO PAULO,,8C2D7C0A-0FB4-EB11-8236-00224836A53D,(11)99386-0572,,,161,,,FUNCAO,(11)9090-9090,,,10010-000,,SAO PAULO,,,,,CNES,,,,,,,,2.0,,,,,
F34D2488-E9B4-EB11-8236-00224836A53D,,,0,869430001,,,2,2,2,2,,,,2.0,,,3.0,,2.0,,,2.0,,,2,,,0,0,0,0,0,0,0,0,0.0,0,0,0,0,0.0,0,,,7EE4DECF-674F-EB11-BB23-000D3AC17AEA,,B18BF1CE-724F-EB11-BB23-000D3AC17DF1,,,,4902CA82-AD47-EB11-BB23-000D3AC068E2,,5CF76E99-1B8B-EB11-B1AC-002248372310,,,,,,B18BF1CE-724F-EB11-BB23-000D3AC17DF1,,B18BF1CE-724F-EB11-BB23-000D3AC17DF1,,,,5BF76E99-1B8B-EB11-B1AC-002248372310,,FB50ED16-884F-EB11-BB23-000D3AC17B5F,,,,,,,,7EE4DECF-674F-EB11-BB23-000D3AC17AEA,,,,7CF92DBD-A2AE-EB11-89EE-00155D013C81,,5BF76E99-1B8B-EB11-B1AC-002248372310,,5BF76E99-1B8B-EB11-B1AC-002248372310,,ADOLFO,,,2021-05-24 17:07:18.000,,,,,,,38588972808.0,,KAIO PHELLIPE LINO COUTINHO MELO,EAPV-SP-000000074,,,BRASIL,,,,,,EU,,,,,,,1991-03-02 00:00:00.000,,2021-05-14 19:21:15.000,,30.0,,,kaiomelo@sp.gov.br,,,SAO PAULO,TESTE,,,,,,,,2021-05-12 00:00:00.000,,,,,,,,,0.0,,,,,(11)99386-0572,,RUA NESTOR HOMEM DE MELO,,RUA DA AMORA,,,,,07700-00,,SAO PAULO,,F34D2488-E9B4-EB11-8236-00224836A53D,,,,161,,,TODAS,(11)97800-5467,,,04012-140,,SAO PAULO,,,,,657567,,,,,,,,2.0,,,,,
9BB7BCB2-2B7C-EB11-A812-00224836B414,,,1,869430002,,,2,2,2,2,,,,2.0,,,3.0,,2.0,,,2.0,,,2,,,0,0,0,0,0,0,0,0,0.0,0,0,0,0,0.0,0,,,7EE4DECF-674F-EB11-BB23-000D3AC17AEA,,B18BF1CE-724F-EB11-BB23-000D3AC17DF1,,,,4902CA82-AD47-EB11-BB23-000D3AC068E2,,F2C0D54B-8C4B-EB11-BB23-000D3AC17DF1,,,,,,B18BF1CE-724F-EB11-BB23-000D3AC17DF1,,B18BF1CE-724F-EB11-BB23-000D3AC17DF1,,,,F2C0D54B-8C4B-EB11-BB23-000D3AC17DF1,,2351ED16-884F-EB11-BB23-000D3AC17B5F,,,,,,,,7EE4DECF-674F-EB11-BB23-000D3AC17AEA,,,,E298DEC8-CF7A-EB11-A812-00224836BCCE,,F2C0D54B-8C4B-EB11-BB23-000D3AC17DF1,,F2C0D54B-8C4B-EB11-BB23-000D3AC17DF1,,AMPARO,2021-03-01 00:00:00.000,,2021-03-04 13:04:07.000,,,,,12345-678,,87849882237.0,BAIRRO DO WHATSAPP,JOAO DO WHATSAPP,EAPV-SP-000000055,,,BRASIL,,,,,,JOSE,,,,,,,1955-01-30 00:00:00.000,,2021-03-03 14:21:14.000,,66.0,,,testewhatsapp@xxx.com,,,SAO PAULO,TESTE,,,,,,AP 100,,2021-02-01 00:00:00.000,,,,,,,,1.0,0.0,,,,,(11)91111-1111,,RUA DO WHATSAPP,,RUA,,,,,Bairro,,SAO PAULO,,9BB7BCB2-2B7C-EB11-A812-00224836B414,,,,1234,,,MEDICO,(11)11111-1111,,,11111-111,,SAO PAULO,,,,,4444,,,,,,,,,,,,,
66E099FB-2F7C-EB11-A812-00224836B414,,,1,869430002,,,2,2,2,2,,,0.0,2.0,,2.0,3.0,3.0,2.0,0.0,,0.0,0.0,,2,,,0,0,0,0,0,0,0,0,0.0,0,0,0,0,1.0,0,,,7EE4DECF-674F-EB11-BB23-000D3AC17AEA,,B18BF1CE-724F-EB11-BB23-000D3AC17DF1,,,,4902CA82-AD47-EB11-BB23-000D3AC068E2,,B03CA5E1-AE81-EB11-A812-002248367596,,B03CA5E1-AE81-EB11-A812-002248367596,,,,B18BF1CE-724F-EB11-BB23-000D3AC17DF1,,B18BF1CE-724F-EB11-BB23-000D3AC17DF1,,,,05D63145-8C4B-EB11-BB23-000D3AC17DF1,,0951ED16-884F-EB11-BB23-000D3AC17B5F,,,,,,,,7EE4DECF-674F-EB11-BB23-000D3AC17AEA,,,,B0B3C144-F64C-EB11-A812-000D3AC176F6,,F2C0D54B-8C4B-EB11-BB23-000D3AC17DF1,,05D63145-8C4B-EB11-BB23-000D3AC17DF1,,ALAMBARI,2020-12-30 00:00:00.000,,2021-03-11 15:01:25.000,SDFDSAF AS FSAFD,,NOME DA MAE,,07793-645,A94949,9884663092.0,BAIRRO,FULANO DE TAL,EAPV-SP-000000056,,(22)98765-4321,BRASIL,ASDF ADSF ASD FASFD A,1234567890,(11)5555-5555,,,JOSE,2,,,,,,1980-01-14 00:00:00.000,,2021-03-03 14:51:59.000,,41.0,,,miicael_@hotmail.com,,,CAJAMAR,TESTE,,adf@eie.xx.xx,,,,RUA IRMA DARIA MOREIRA,,2020-12-29 00:00:00.000,,,,,,,,1.0,0.0,,,,,(11)97594-7076111,,AV PAULISTA,,RUA,ASDF ASDFADSF,,---SDF ADSFASD,,Bairro,,SAO PAULO,,66E099FB-2F7C-EB11-A812-00224836B414,(11)9999-9999,,,2B,,,MEDICO,(11)1111-1111,TESTE,,11111-111,,SAO PAULO,,,,,555,,,,,,,,,,,,,
71BA135C-AF7A-EB11-A812-00224836BCCE,,,0,1,,,2,2,2,2,,,,2.0,,,3.0,,2.0,,,2.0,3.0,,2,,,0,0,0,0,0,0,0,0,0.0,0,0,0,0,1.0,0,,,7EE4DECF-674F-EB11-BB23-000D3AC17AEA,,B38BF1CE-724F-EB11-BB23-000D3AC17DF1,,,,D3D7E629-AA81-EB11-B1AB-000D3AC17DF1,,B03CA5E1-AE81-EB11-A812-002248367596,,,,,,B18BF1CE-724F-EB11-BB23-000D3AC17DF1,,B18BF1CE-724F-EB11-BB23-000D3AC17DF1,,,,B03CA5E1-AE81-EB11-A812-002248367596,,,,,,,,,,7EE4DECF-674F-EB11-BB23-000D3AC17AEA,,,,E298DEC8-CF7A-EB11-A812-00224836BCCE,,F2C0D54B-8C4B-EB11-BB23-000D3AC17DF1,,B03CA5E1-AE81-EB11-A812-002248367596,,CURITIBA,,,2021-03-11 15:11:58.000,,,,,12345-678,,87849882237.0,BAIRRO DO WHATSAPP,JOAO DO WHATSAPP,EAPV-SP-000000053,,,BRASIL,,,,,,JOAO,2,,,,,,1955-01-30 00:00:00.000,,2021-03-01 16:58:38.000,,66.0,,,testewhatsapp@xxx.com,,,SAO PAULO,TESTE,,,,,,AP 100,,,,,,,,,,1.0,0.0,,,,,(11)91111-1111,,RUA DO WHATSAPP,,RUA,,,,,Bairro,,SAO PAULO,,71BA135C-AF7A-EB11-A812-00224836BCCE,,,,1234,,,MEDICO,(11)1111-1111,,,11111-111,,PARANA,,,,,4444,,,,,,,0.0,0.0,,,,,
B6396650-1F7C-EB11-A812-00224836BCCE,,,0,1,,,2,2,2,2,,,,2.0,,,3.0,,2.0,,,2.0,,,2,,,0,0,0,0,0,0,0,0,0.0,0,0,0,0,0.0,0,,,7EE4DECF-674F-EB11-BB23-000D3AC17AEA,,B18BF1CE-724F-EB11-BB23-000D3AC17DF1,,,,D3D7E629-AA81-EB11-B1AB-000D3AC17DF1,,B03CA5E1-AE81-EB11-A812-002248367596,,B03CA5E1-AE81-EB11-A812-002248367596,,,,B18BF1CE-724F-EB11-BB23-000D3AC17DF1,,B18BF1CE-724F-EB11-BB23-000D3AC17DF1,,,,B03CA5E1-AE81-EB11-A812-002248367596,,3F53ED16-884F-EB11-BB23-000D3AC17B5F,,,,,,,,7EE4DECF-674F-EB11-BB23-000D3AC17AEA,,,,E298DEC8-CF7A-EB11-A812-00224836BCCE,,F2C0D54B-8C4B-EB11-BB23-000D3AC17DF1,,B03CA5E1-AE81-EB11-A812-002248367596,,JOAO RAMALHO,2021-03-01 00:00:00.000,,2021-03-11 14:47:51.000,,,,,12345-678,,87849882237.0,BAIRRO DO WHATSAPP,JOAO DO WHATSAPP,EAPV-SP-000000054,,,BRASIL,,,,,,NOTIFICADOR,,,,,,,1955-01-30 00:00:00.000,,2021-03-03 12:52:34.000,,66.0,,,testewhatsapp@xxx.com,,,SAO PAULO,ESTABELECIMENTO,,,,,,AP 100,,2021-02-01 00:00:00.000,,,,,,,,1.0,0.0,,,,,(11)91111-1111,,RUA DO WHATSAPP,,ENDERECO,,,,,JARDIM,,SAO PAULO,,B6396650-1F7C-EB11-A812-00224836BCCE,,,,1234,,,FUNCAO,(11)9090-9090,,,01234-512,,SAO PAULO,,,,,CNES,,,,,,,,,,,,,
9B706B92-B37D-EB11-A812-00224836BCCE,,,1,869430002,,,2,2,2,2,,,0.0,2.0,1.0,2.0,3.0,,2.0,0.0,,0.0,1.0,2.0,2,,,0,0,0,0,0,0,0,0,0.0,0,0,0,0,1.0,0,,,7EE4DECF-674F-EB11-BB23-000D3AC17AEA,,B18BF1CE-724F-EB11-BB23-000D3AC17DF1,,,,4FD3E629-AA81-EB11-B1AB-000D3AC17DF1,,B03CA5E1-AE81-EB11-A812-002248367596,,B03CA5E1-AE81-EB11-A812-002248367596,,,,B18BF1CE-724F-EB11-BB23-000D3AC17DF1,,B18BF1CE-724F-EB11-BB23-000D3AC17DF1,,,,3261DBE0-AE81-EB11-A812-00224836709B,,8F55ED16-884F-EB11-BB23-000D3AC17B5F,,,,,,,,7EE4DECF-674F-EB11-BB23-000D3AC17AEA,,,,B0B3C144-F64C-EB11-A812-000D3AC176F6,,05D63145-8C4B-EB11-BB23-000D3AC17DF1,,3261DBE0-AE81-EB11-A812-00224836709B,,SUZANO,2020-12-30 00:00:00.000,,2021-03-11 13:54:37.000,ASDLKJ ASCLFD JALDF,,NOME DA MAE,,07793-645,439949498,9884663092.0,BAIRRO,FULANO DE TAL,EAPV-SP-000000057,,(22)98765-4321,BRASIL,ASDFDSAL ASDLKF J,1234567890,(11)44444-4444,,,JOSE SILVA,,,,,,,1980-01-14 00:00:00.000,,2021-03-05 13:06:25.000,,41.0,,,miicael_@hotmail.com,,,CAJAMAR,XXX1,,llll@mm.com,,,,RUA IRMA DARIA MOREIRA,,2020-12-29 00:00:00.000,,,,,,,,999.0,0.0,,,,,(11)97594-7076111,,AV PAULISTA,,RUA HUM,ADSFL JFDSA,,ASDF ASCLD FDSA,,Vila Hum,,SAO PAULO,,9B706B92-B37D-EB11-A812-00224836BCCE,(11)9999-9999,ZZZ ADFL CLASFD LJASLFDK ASCLFDL JASFD,,2B,,,MEDICO,(11)99999-4321,TESTE,,12345-678,,SAO PAULO,,,2021-03-04 00:00:00.000,,99999,,,,,,,0.0,0.0,TESTE COM ACENTUACAO,F2C0D54B-8C4B-EB11-BB23-000D3AC17DF1,,,
44DBB752-B77D-EB11-A812-00224836BCCE,,,0,1,,,2,2,2,2,,,0.0,2.0,,,3.0,,2.0,0.0,,0.0,,,2,,,0,0,0,0,0,0,0,0,0.0,0,0,0,0,0.0,0,,,7EE4DECF-674F-EB11-BB23-000D3AC17AEA,,B18BF1CE-724F-EB11-BB23-000D3AC17DF1,,,,01D8E629-AA81-EB11-B1AB-000D3AC17DF1,,B03CA5E1-AE81-EB11-A812-002248367596,,B03CA5E1-AE81-EB11-A812-002248367596,,,,B18BF1CE-724F-EB11-BB23-000D3AC17DF1,,B18BF1CE-724F-EB11-BB23-000D3AC17DF1,,,,1CFB0EF7-A381-EB11-A812-00224836709B,,E954ED16-884F-EB11-BB23-000D3AC17B5F,,,,,,,,7EE4DECF-674F-EB11-BB23-000D3AC17AEA,,,,B0B3C144-F64C-EB11-A812-000D3AC176F6,,05D63145-8C4B-EB11-BB23-000D3AC17DF1,,1CFB0EF7-A381-EB11-A812-00224836709B,,SALES,2020-12-30 00:00:00.000,,2021-03-11 13:59:02.000,,,NOME DA MAE,,07793-645,,9884663092.0,BAIRRO,FULANO DE TAL,EAPV-SP-000000058,,(22)98765-4321,BRASIL,,1234567890,,,,ADSFASDF ASF DSF,,,,,,,1980-01-14 00:00:00.000,,2021-03-05 13:33:12.000,,,,,miicael_@hotmail.com,,,CAJAMAR,XXX,,,,,,RUA IRMA DARIA MOREIRA,,2020-12-29 00:00:00.000,,,,,,,,,0.0,,,,,(11)97594-7076111,,AV PAULISTA,,XXXXXXXX,,,,,ASDFDSA,,SAO PAULO,,44DBB752-B77D-EB11-A812-00224836BCCE,,,,2B,,,ASDF ADSF A,(11)99999-9999,TESTE,,44444-444,,SAO PAULO,,,,,XXX,,,,,,,,2.0,,,,,
D8911D31-BD7D-EB11-A812-00224836BCCE,,,0,869430001,,,2,2,2,2,,,,2.0,,,3.0,,2.0,,,2.0,,,2,,,0,0,0,0,0,0,0,0,0.0,0,0,0,0,0.0,0,,,7EE4DECF-674F-EB11-BB23-000D3AC17AEA,,B18BF1CE-724F-EB11-BB23-000D3AC17DF1,,,,4902CA82-AD47-EB11-BB23-000D3AC068E2,,5BF76E99-1B8B-EB11-B1AC-002248372310,,,,,,B18BF1CE-724F-EB11-BB23-000D3AC17DF1,,B18BF1CE-724F-EB11-BB23-000D3AC17DF1,,,,F2C0D54B-8C4B-EB11-BB23-000D3AC17DF1,,D553ED16-884F-EB11-BB23-000D3AC17B5F,,,,,,,,7EE4DECF-674F-EB11-BB23-000D3AC17AEA,,,,E298DEC8-CF7A-EB11-A812-00224836BCCE,,F2C0D54B-8C4B-EB11-BB23-000D3AC17DF1,,F2C0D54B-8C4B-EB11-BB23-000D3AC17DF1,,NEVES PAULISTA,2021-03-01 00:00:00.000,,2021-09-17 14:50:25.000,,,,,12345-678,,87849882237.0,BAIRRO DO WHATSAPP,JOAO DO WHATSAPP,EAPV-SP-000000059,,,BRASIL,,,,,,NEW,,,,,,,1955-01-30 00:00:00.000,,2021-03-05 14:15:17.000,,66.0,,,testewhatsapp@xxx.com,,,SAO PAULO,NEW,,,,,,AP 100,,2021-02-01 00:00:00.000,,,,,,,,,0.0,,,,,(11)91111-1111,,RUA DO WHATSAPP,,NEW,,,,,new,,SAO PAULO,,D8911D31-BD7D-EB11-A812-00224836BCCE,,,,1234,,,NEW,(12)12121-2121,,,12345-000,,SAO PAULO,,,,,new,,,,,,,,2.0,,,,,
7BA9E950-BD7D-EB11-A812-00224836BCCE,,,1,869430002,,,2,2,2,2,,,,2.0,,,3.0,,2.0,,,2.0,,2.0,2,,,0,0,0,0,0,0,0,0,1.0,0,0,0,0,0.0,0,,,7EE4DECF-674F-EB11-BB23-000D3AC17AEA,,B18BF1CE-724F-EB11-BB23-000D3AC17DF1,,,,4902CA82-AD47-EB11-BB23-000D3AC068E2,,F2C0D54B-8C4B-EB11-BB23-000D3AC17DF1,,,,,,B18BF1CE-724F-EB11-BB23-000D3AC17DF1,,B18BF1CE-724F-EB11-BB23-000D3AC17DF1,,,,F2C0D54B-8C4B-EB11-BB23-000D3AC17DF1,,F950ED16-884F-EB11-BB23-000D3AC17B5F,,,,,,,,7EE4DECF-674F-EB11-BB23-000D3AC17AEA,,,,,,F2C0D54B-8C4B-EB11-BB23-000D3AC17DF1,,F2C0D54B-8C4B-EB11-BB23-000D3AC17DF1,,ADAMANTINA,,,2021-03-18 14:48:36.000,,,,,,,,,TESTE ERRO,EAPV-SP-000000060,,,,,,,,,AD,,,,,,,,,2021-03-05 14:16:03.000,,,,,,,,,TEST,,,,,,,,,,,,,,,,,,,,,,,,,,TEST,,,,,123,,,,7BA9E950-BD7D-EB11-A812-00224836BCCE,,,,,,,AD,(12)12121-2121,,,12313-111,,SAO PAULO,,,,,TEST,,,,,,,,2.0,,F2C0D54B-8C4B-EB11-BB23-000D3AC17DF1,,,
5C7E26DB-C07D-EB11-A812-00224836BCCE,,,1,869430002,,,2,2,2,2,,,0.0,2.0,,,3.0,,2.0,0.0,,0.0,,,2,,,0,0,0,0,0,0,0,0,0.0,0,0,0,0,0.0,0,,,7EE4DECF-674F-EB11-BB23-000D3AC17AEA,,B18BF1CE-724F-EB11-BB23-000D3AC17DF1,,,,01D8E629-AA81-EB11-B1AB-000D3AC17DF1,,F2C0D54B-8C4B-EB11-BB23-000D3AC17DF1,,,,,,B18BF1CE-724F-EB11-BB23-000D3AC17DF1,,B18BF1CE-724F-EB11-BB23-000D3AC17DF1,,,,1CFB0EF7-A381-EB11-A812-00224836709B,,F950ED16-884F-EB11-BB23-000D3AC17B5F,,,,,,,,7EE4DECF-674F-EB11-BB23-000D3AC17AEA,,,,B0B3C144-F64C-EB11-A812-000D3AC176F6,,05D63145-8C4B-EB11-BB23-000D3AC17DF1,,1CFB0EF7-A381-EB11-A812-00224836709B,,ADAMANTINA,2020-12-30 00:00:00.000,,2021-03-18 13:46:02.000,TESTE,,NOME DA MAE,,07793-645,TESTE,9884663092.0,BAIRRO,FULANO DE TAL,EAPV-SP-000000061,,(22)98765-4321,BRASIL,TESTE,1234567890,(11)21212-1212,,,ASDFADSF,,,,,,,1980-01-14 00:00:00.000,,2021-03-05 14:41:28.000,,41.0,,,miicael_@hotmail.com,,,CAJAMAR,ASDFSADFDSAF,,TESTE@TESTE.TESTE,,,,RUA IRMA DARIA MOREIRA,,2020-12-29 00:00:00.000,,,,,,,,,0.0,,,,,(11)97594-7076111,,AV PAULISTA,,ASDFADSFDSAF,TESTE,,TESTE,,adsfadsf,,SAO PAULO,,5C7E26DB-C07D-EB11-A812-00224836BCCE,(12)12121-2121,,,2B,,,ASDFADSF AS FADSF,(11)99999-1234,TESTE,,44444-444,,SAO PAULO,,,,,asdfads,,,,,,,,2.0,,F2C0D54B-8C4B-EB11-BB23-000D3AC17DF1,,,
FDC54D01-C17D-EB11-A812-00224836BCCE,,,0,869430001,,,2,2,2,2,,,0.0,2.0,,,3.0,,2.0,0.0,,0.0,,,2,,,0,0,0,0,0,0,0,0,0.0,0,0,0,0,0.0,0,,,7EE4DECF-674F-EB11-BB23-000D3AC17AEA,,B18BF1CE-724F-EB11-BB23-000D3AC17DF1,,,,41D3E629-AA81-EB11-B1AB-000D3AC17DF1,,5BF76E99-1B8B-EB11-B1AC-002248372310,,,,,,B18BF1CE-724F-EB11-BB23-000D3AC17DF1,,B18BF1CE-724F-EB11-BB23-000D3AC17DF1,,,,3361DBE0-AE81-EB11-A812-00224836709B,,0F54ED16-884F-EB11-BB23-000D3AC17B5F,,,,,,,,7EE4DECF-674F-EB11-BB23-000D3AC17AEA,,,,B0B3C144-F64C-EB11-A812-000D3AC176F6,,F2C0D54B-8C4B-EB11-BB23-000D3AC17DF1,,3361DBE0-AE81-EB11-A812-00224836709B,,PACAEMBU,2020-12-30 00:00:00.000,,2021-09-17 14:39:52.000,FBGGFBFFGBF,,NOME DA MAE,,07793-645,rtgrtgtgtr,9884663092.0,BAIRRO,FULANO DE TAL,EAPV-SP-000000062,,(22)98765-4321,BRASIL,RBBBB,1234567890,(11)4853-9853,,,AB,,,,,,,1980-01-14 00:00:00.000,,2021-03-05 14:42:28.000,,41.0,,,miicael_@hotmail.com,,,CAJAMAR,TESTE,,ffeffe@ffef.com,,,,RUA IRMA DARIA MOREIRA,,2020-12-29 00:00:00.000,,,,,,,,,0.0,,,,,(11)97594-7076111,,AV PAULISTA,,TESTE,FERKLNVFKBVFKVBVB,,FRFRR,,12,,SAO PAULO,,FDC54D01-C17D-EB11-A812-00224836BCCE,(11)97853-9753,,,2B,,,CD,(12)3412-3412,TESTE,,12121-212,,SAO PAULO,,,,,teste,,,,,,,0.0,0.0,,,,,
1D38B0CA-C17D-EB11-A812-00224836BCCE,,,0,869430001,,3.0,2,2,2,2,,,0.0,2.0,5.0,1.0,3.0,,2.0,0.0,,0.0,,0.0,2,,,0,0,0,0,0,0,0,0,0.0,0,0,0,0,0.0,0,,,7EE4DECF-674F-EB11-BB23-000D3AC17AEA,,B18BF1CE-724F-EB11-BB23-000D3AC17DF1,,,,D3D7E629-AA81-EB11-B1AB-000D3AC17DF1,,F2C0D54B-8C4B-EB11-BB23-000D3AC17DF1,,,,,,B18BF1CE-724F-EB11-BB23-000D3AC17DF1,,B18BF1CE-724F-EB11-BB23-000D3AC17DF1,,,,8C3CA5E1-AE81-EB11-A812-002248367596,,0F54ED16-884F-EB11-BB23-000D3AC17B5F,,,,,,,,7EE4DECF-674F-EB11-BB23-000D3AC17AEA,,,,B0B3C144-F64C-EB11-A812-000D3AC176F6,,F2C0D54B-8C4B-EB11-BB23-000D3AC17DF1,,8C3CA5E1-AE81-EB11-A812-002248367596,,PACAEMBU,2020-12-30 00:00:00.000,,2021-03-18 13:41:46.000,TESTE,,NOME DA MAE,,07793-645,teste,9884663092.0,BAIRRO,FULANO DE TAL,EAPV-SP-000000063,,(22)98765-4321,BRASIL,TESTE,1234567890,(11)5555-5555,,,TESTE,,,,,,,1980-01-14 00:00:00.000,,2021-03-05 14:48:07.000,,41.0,,,miicael_@hotmail.com,,,CAJAMAR,TESTE,,xx@lsadfj.com,,,,RUA IRMA DARIA MOREIRA,,2020-12-29 00:00:00.000,,,,,,,,,0.0,,,,,(11)97594-7076111,,AV PAULISTA,,TESTE,ASDF,,TESTE,,A,,SAO PAULO,,1D38B0CA-C17D-EB11-A812-00224836BCCE,(11)99999-9999,ASDLK ASDFLC ASFD GI,,2B,,,TESTE,(12)12121-2121,TESTE,,12311-223,,SAO PAULO,,,,,teste,,,,,,,1.0,0.0,ACAO,F2C0D54B-8C4B-EB11-BB23-000D3AC17DF1,,,
D123CFE6-CE7D-EB11-A812-00224836BCCE,,,1,869430002,,,2,2,2,2,,,0.0,2.0,,,3.0,,2.0,0.0,,0.0,,,2,,,0,0,0,0,0,0,0,0,0.0,0,0,0,0,0.0,0,,,7EE4DECF-674F-EB11-BB23-000D3AC17AEA,,B18BF1CE-724F-EB11-BB23-000D3AC17DF1,,,,01D8E629-AA81-EB11-B1AB-000D3AC17DF1,,B03CA5E1-AE81-EB11-A812-002248367596,,B03CA5E1-AE81-EB11-A812-002248367596,,,,B18BF1CE-724F-EB11-BB23-000D3AC17DF1,,B18BF1CE-724F-EB11-BB23-000D3AC17DF1,,,,1CFB0EF7-A381-EB11-A812-00224836709B,,E554ED16-884F-EB11-BB23-000D3AC17B5F,,,,,,,,7EE4DECF-674F-EB11-BB23-000D3AC17AEA,,,,B0B3C144-F64C-EB11-A812-000D3AC176F6,,F2C0D54B-8C4B-EB11-BB23-000D3AC17DF1,,1CFB0EF7-A381-EB11-A812-00224836709B,,SABINO,2020-12-30 00:00:00.000,,2021-03-11 13:05:07.000,ASDSDF A,,NOME DA MAE,,07793-645,asdf a,9884663092.0,BAIRRO,FULANO DE TAL,EAPV-SP-000000064,,(22)98765-4321,BRASIL,SDFADSF,1234567890,(11)54321-1234,,,JOSE,2,,,,,,1980-01-14 00:00:00.000,,2021-03-05 16:22:01.000,,41.0,,,miicael_@hotmail.com,,,CAJAMAR,TESTE,,lmk@xxx.yyy,,,,RUA IRMA DARIA MOREIRA,,2020-12-29 00:00:00.000,,,,,,,,1.0,0.0,,,,,(11)97594-7076111,,AV PAULISTA,,RUA,ASDFAS,,ASDF AS,,Bairro,,SAO PAULO,,D123CFE6-CE7D-EB11-A812-00224836BCCE,(11)99999-9999,,,2B,,,MEDICO,(11)11111-1111,TESTE,,11111-111,,SAO PAULO,,,,,444,,,,,,,,2.0,,F2C0D54B-8C4B-EB11-BB23-000D3AC17DF1,,,
F0DD7883-F496-EB11-B1AC-00224837035F,,,0,869430000,,3.0,0,2,0,2,,3.0,,2.0,,1.0,3.0,,1.0,,,2.0,2.0,1.0,2,,,0,0,0,0,1,0,0,0,0.0,0,0,0,0,1.0,0,,,7EE4DECF-674F-EB11-BB23-000D3AC17AEA,,B18BF1CE-724F-EB11-BB23-000D3AC17DF1,,,,4902CA82-AD47-EB11-BB23-000D3AC068E2,,5CF76E99-1B8B-EB11-B1AC-002248372310,,,,,,B18BF1CE-724F-EB11-BB23-000D3AC17DF1,,B18BF1CE-724F-EB11-BB23-000D3AC17DF1,,,,5CF76E99-1B8B-EB11-B1AC-002248372310,,6155ED16-884F-EB11-BB23-000D3AC17B5F,,,,,,,,7EE4DECF-674F-EB11-BB23-000D3AC17AEA,,6155ED16-884F-EB11-BB23-000D3AC17B5F,,133A9949-075D-EB11-A812-002248367FA0,,F2C0D54B-8C4B-EB11-BB23-000D3AC17DF1,,5CF76E99-1B8B-EB11-B1AC-002248372310,,SAO PAULO,,,2021-05-26 18:41:44.000,NOME,,,,00000000,Estabelecimento,5450901801.0,QUINTINO FACCI II,ANGELINA BARROS CATAO,EAPV-SP-000000071,,,BRASIL,RESPONSAVEL,,(11)9090-9090,,,NOME NOTIFICADOR,,,,,,,1939-05-18 00:00:00.000,,2021-04-06 16:24:12.000,,82.0,,,luciana.catao@hotmail.com,,,,ESTABELECIMENT,,email@microsoft.com,,,,12,,,,,,,,,,400.0,39.0,,,2021-04-01 00:00:00.000,,(16)98825-3223,,"RUA JOSE RODRIGUES PINHEIRO, 241",,ENDERECO,ENDERECO,,FUNCAO,,Bairro,,SAO PAULO,,F0DD7883-F496-EB11-B1AC-00224837035F,(11)9090-9090,,,241,,,FUNCAO,(11)90909-0909,,,02121-312,,SAO PAULO,,,,,CNES,,,,2021-03-28 00:00:00.000,SAO PAULO,,,2.0,,5CF76E99-1B8B-EB11-B1AC-002248372310,,,
55FBD2A9-7098-EB11-B1AC-002248370566,,,0,1,,,2,2,2,2,,,,2.0,,,3.0,,2.0,,,2.0,,,2,,,0,0,0,0,0,0,0,0,0.0,0,0,0,0,0.0,0,,,7EE4DECF-674F-EB11-BB23-000D3AC17AEA,,B18BF1CE-724F-EB11-BB23-000D3AC17DF1,,,,4902CA82-AD47-EB11-BB23-000D3AC068E2,,42640CA3-9433-42F2-BE8B-FF84B91E46DA,,F2C0D54B-8C4B-EB11-BB23-000D3AC17DF1,,,,B18BF1CE-724F-EB11-BB23-000D3AC17DF1,,B18BF1CE-724F-EB11-BB23-000D3AC17DF1,,,,F2C0D54B-8C4B-EB11-BB23-000D3AC17DF1,,6155ED16-884F-EB11-BB23-000D3AC17B5F,,,,,,,,7EE4DECF-674F-EB11-BB23-000D3AC17AEA,,,,30C56887-4C91-EB11-B1AC-002248371C08,,F2C0D54B-8C4B-EB11-BB23-000D3AC17DF1,,F2C0D54B-8C4B-EB11-BB23-000D3AC17DF1,,SAO PAULO,,,2021-04-08 13:45:35.000,,,,,01503-010,,78594794002.0,LIBERDADE,TESTE  TAKE,EAPV-SP-000000072,,,BRASIL,,,,,,V-0000805989,V-0000805989,,,,,,1990-12-11 00:00:00.000,,2021-04-08 13:45:32.000,,31.0,,,teste@take.net,,,SAO PAULO,V-0000805989,,,,,,NAO,,2021-04-05 00:00:00.000,,,,,,,,100.0,0.0,,,,,11 99999-9999,,PRACA DA LIBERDADE - JAPAO,,V-0000805989,,,,,V-0000805989,,SP,,55FBD2A9-7098-EB11-B1AC-002248370566,,,,10000,,,V-0000805989,(11)9090-9090,,,90909-000,,SAO PAULO,,,,,V-0000805989,,,,,,,,2.0,,,,,
FB5DD140-9690-EB11-B1AC-002248371449,,,0,869430001,,,2,2,2,2,,2.0,0.0,2.0,,,3.0,,2.0,0.0,,0.0,,1.0,2,,,0,0,0,0,0,0,0,0,0.0,0,0,0,0,0.0,0,,,7EE4DECF-674F-EB11-BB23-000D3AC17AEA,,B18BF1CE-724F-EB11-BB23-000D3AC17DF1,,,,4902CA82-AD47-EB11-BB23-000D3AC068E2,,5BF76E99-1B8B-EB11-B1AC-002248372310,,,,,,B18BF1CE-724F-EB11-BB23-000D3AC17DF1,,B18BF1CE-724F-EB11-BB23-000D3AC17DF1,,,,05D63145-8C4B-EB11-BB23-000D3AC17DF1,,FF50ED16-884F-EB11-BB23-000D3AC17B5F,,,,,,,,7EE4DECF-674F-EB11-BB23-000D3AC17AEA,,,,B0B3C144-F64C-EB11-A812-000D3AC176F6,,05D63145-8C4B-EB11-BB23-000D3AC17DF1,,05D63145-8C4B-EB11-BB23-000D3AC17DF1,,AGUAS DA PRATA,2020-12-30 00:00:00.000,,2021-09-17 14:36:48.000,,,NOME DA MAE,,07793-645,,9884663092.0,BAIRRO,FULANO DE TAL,EAPV-SP-000000070,,(22)98765-4321,BRASIL,,1234567890,,,,SAFD ASDF AFDS,,,,,,,1980-01-14 00:00:00.000,,2021-03-29 13:54:18.000,,41.0,,,xx@xx.com,,,CAJAMAR,ASDF,,,,,,RUA IRMA DARIA MOREIRA,,2020-12-29 00:00:00.000,,,,,,,,,39.0,,,,,(11)97594-7076111,,AV PAULISTA,,SADF A,,,,,adsf,,SAO PAULO,,FB5DD140-9690-EB11-B1AC-002248371449,,,,2B,,,ASD FA ASDF,(11)55555-4444,TESTE,,44444-444,,SAO PAULO,,,2021-06-30 00:00:00.000,,afadsf,,,,,,,,2.0,,,,,
7D0266B9-738D-EB11-B1AC-002248372348,,,1,869430002,,,2,2,0,0,,2.0,0.0,2.0,,,3.0,,2.0,0.0,,0.0,,1.0,2,,,0,0,0,0,0,1,0,0,0.0,0,0,0,0,0.0,0,,,7EE4DECF-674F-EB11-BB23-000D3AC17AEA,,B18BF1CE-724F-EB11-BB23-000D3AC17DF1,,,,4902CA82-AD47-EB11-BB23-000D3AC068E2,,F2C0D54B-8C4B-EB11-BB23-000D3AC17DF1,,,,,,B18BF1CE-724F-EB11-BB23-000D3AC17DF1,,B18BF1CE-724F-EB11-BB23-000D3AC17DF1,,,,05D63145-8C4B-EB11-BB23-000D3AC17DF1,,6155ED16-884F-EB11-BB23-000D3AC17B5F,,,,,,,,7EE4DECF-674F-EB11-BB23-000D3AC17AEA,,,,B0B3C144-F64C-EB11-A812-000D3AC176F6,,05D63145-8C4B-EB11-BB23-000D3AC17DF1,,05D63145-8C4B-EB11-BB23-000D3AC17DF1,,SAO PAULO,2020-12-30 00:00:00.000,,2021-05-11 18:28:21.000,ASLFD CLASJFD,,NOME DA MAE,,00000-001,TESTE,9884663092.0,BAIRRO,FULANO DE TAL,EAPV-SP-000000069,,(22)98765-4321,BRASIL,SAFDLKQDS CLASFD ASDF,1234567890,(11)5555-1234,,,ASACLASDLKF,,,,,,,1980-01-14 00:00:00.000,,2021-03-25 14:09:36.000,,41.0,,,hum@hum.xxx,,,CAJAMAR,TESTE 111,,ASDF@ASLKFJ.COM,,,,RUA IRMA DARIA MOREIRA,,2020-12-29 00:00:00.000,,,,,,,,444.0,0.0,,,,,(11)97594-7076111,,AV PAULISTA,,"AV HUM, 500",ASDFLKLJASDF,,49949494,ASDFLKJAFDS EEEEE,LASDFLK,,SAO PAULO,,7D0266B9-738D-EB11-B1AC-002248372348,(11)71234-4321,,,2B,,,ASDFLKJA,(11)99999-4444,TESTE,,12345-678,,SAO PAULO,,,2021-03-23 00:00:00.000,,TESTE,,,,,,,,2.0,,F2C0D54B-8C4B-EB11-BB23-000D3AC17DF1,,,
AB594C31-A477-EB11-A812-002248372430,,,0,869430000,,,2,2,2,0,,,0.0,2.0,8.0,,3.0,,2.0,0.0,2.0,0.0,,3.0,2,,,0,0,0,0,0,0,0,0,0.0,0,0,0,0,0.0,0,,,7EE4DECF-674F-EB11-BB23-000D3AC17AEA,,B18BF1CE-724F-EB11-BB23-000D3AC17DF1,,,,D3D7E629-AA81-EB11-B1AB-000D3AC17DF1,,5CF76E99-1B8B-EB11-B1AC-002248372310,,,,,,B18BF1CE-724F-EB11-BB23-000D3AC17DF1,,B18BF1CE-724F-EB11-BB23-000D3AC17DF1,,,,B03CA5E1-AE81-EB11-A812-002248367596,,FD50ED16-884F-EB11-BB23-000D3AC17B5F,,,,,,,,7EE4DECF-674F-EB11-BB23-000D3AC17AEA,,,,B0B3C144-F64C-EB11-A812-000D3AC176F6,,05D63145-8C4B-EB11-BB23-000D3AC17DF1,,B03CA5E1-AE81-EB11-A812-002248367596,,AGUAI,2020-12-30 00:00:00.000,,2021-08-10 14:42:05.000,ASDFA SFASD ADS F,,NOME DA MAE,,07793-645,dsaf f,9884663092.0,BAIRRO,FULANO DE TAL,EAPV-SP-000000052,,(22)98765-4321,BRASIL,MARCELO GARCEZ,1234567890,(11)22222-2222,,,ASFDDSAF,,,,,,,1980-01-14 00:00:00.000,,2021-02-25 20:01:13.000,,41.0,,,miicael_@hotmail.com,,,CAJAMAR,TETSE,,xxxx@in.com,,,,RUA IRMA DARIA MOREIRA,,2020-12-29 00:00:00.000,,,,,,,,,39.0,,,,,(11)97594-7076,,AV PAULISTA,TESTE OUTROS,494994,ADSFL JFDSA,,ASD FDSAFDSA F,,dlasdlf,,SAO PAULO,,AB594C31-A477-EB11-A812-002248372430,(11)7777-7777,,,2B,,,ASDFDSAF,(11)9999-9999,TESTE,,44444-444,,SAO PAULO,,,2021-03-01 00:00:00.000,,4444,,,,,,,0.0,0.0,TESTE TESTE TESTE,,,,
DCB8483F-B126-EC11-B6E6-00224837255F,,,0,869430001,,,1,1,1,2,,,,1.0,,0.0,3.0,,2.0,,,2.0,2.0,,2,,,0,0,0,0,0,0,0,0,0.0,0,0,0,0,1.0,0,,,7EE4DECF-674F-EB11-BB23-000D3AC17AEA,,B18BF1CE-724F-EB11-BB23-000D3AC17DF1,,,,4902CA82-AD47-EB11-BB23-000D3AC068E2,,5CF76E99-1B8B-EB11-B1AC-002248372310,,,,,,B18BF1CE-724F-EB11-BB23-000D3AC17DF1,,B18BF1CE-724F-EB11-BB23-000D3AC17DF1,,,,5CF76E99-1B8B-EB11-B1AC-002248372310,,FD50ED16-884F-EB11-BB23-000D3AC17B5F,,,,,,,,7EE4DECF-674F-EB11-BB23-000D3AC17AEA,,,,7CF92DBD-A2AE-EB11-89EE-00155D013C81,,5CF76E99-1B8B-EB11-B1AC-002248372310,,5CF76E99-1B8B-EB11-B1AC-002248372310,,AGUAI,,,2021-10-06 17:00:28.000,INVESTIGACAO CSI,,,,,455056,38588972808.0,,KAIO PHELLIPE LINO COUTINHO MELO,EAPV-SP-000000077,,,BRASIL,KAIO INVESTIGADOR,,(11)99386-0572,,,KAIO,TESTE,,,,,,1991-03-02 00:00:00.000,,2021-10-06 14:25:27.000,,30.0,,,kaiomelo@sp.gov.br,,,SAO PAULO,TESTE ESTAB,,kaio.phellipe@outlook.com,,,,,,2021-05-12 00:00:00.000,,,,,,,,1.0,0.0,,,,,(11)99386-0572,,RUA NESTOR HOMEM DE MELO,,RUA TESTE,RUA DA INVESTIGACAO 123,,DETETIVE COVID,,Bairro,,SAO PAULO,,DCB8483F-B126-EC11-B6E6-00224837255F,(11)99386-0572,,,161,,,NOTIFICADOR,(11)99123-4565,,,00105-050,,SAO PAULO,,,,,755588,,,,,,NECESSARIO MAIS UMA DOSE DEVIDO A ERROS DE IMUNIZACAO,,2.0,,,,,
C39D087F-E287-EB11-A812-0022483727EE,,,1,869430002,,,2,2,2,2,,,0.0,2.0,,,3.0,,2.0,0.0,,0.0,,2.0,2,,,0,0,0,0,0,0,0,0,0.0,0,0,0,0,0.0,0,,,7EE4DECF-674F-EB11-BB23-000D3AC17AEA,,B18BF1CE-724F-EB11-BB23-000D3AC17DF1,,,,4902CA82-AD47-EB11-BB23-000D3AC068E2,,F2C0D54B-8C4B-EB11-BB23-000D3AC17DF1,,,,,,B18BF1CE-724F-EB11-BB23-000D3AC17DF1,,B18BF1CE-724F-EB11-BB23-000D3AC17DF1,,,,05D63145-8C4B-EB11-BB23-000D3AC17DF1,,FF50ED16-884F-EB11-BB23-000D3AC17B5F,,,,,,,,7EE4DECF-674F-EB11-BB23-000D3AC17AEA,,,,B0B3C144-F64C-EB11-A812-000D3AC176F6,,05D63145-8C4B-EB11-BB23-000D3AC17DF1,,05D63145-8C4B-EB11-BB23-000D3AC17DF1,,AGUAS DA PRATA,2020-12-30 00:00:00.000,,2021-03-18 13:44:00.000,,,NOME DA MAE,,07793-645,,9884663092.0,BAIRRO,FULANO DE TAL,EAPV-SP-000000066,,(22)98765-4321,BRASIL,,1234567890,,,,TESTE TESTE,,,,,,,1980-01-14 00:00:00.000,,2021-03-18 12:07:29.000,,41.0,,,XX@xxxx.com,,,CAJAMAR,TESTE TESTE,,,,,,RUA IRMA DARIA MOREIRA,,2020-12-29 00:00:00.000,,,,,,,,,0.0,,,,,(11)97594-7076111,,AV PAULISTA,,TESTE TESTE,,,,TESTE TESTE,TESTE,,SAO PAULO,,C39D087F-E287-EB11-A812-0022483727EE,,,,2B,,,TESTE TESTE,(11)99999-9999,TESTE,,12345-678,,SAO PAULO,,,2021-03-18 00:00:00.000,,TESTE,,,,,,,,2.0,,F2C0D54B-8C4B-EB11-BB23-000D3AC17DF1,,,
DDFD3C43-E687-EB11-A812-0022483727EE,,,0,869430001,,1.0,2,2,2,2,,,0.0,2.0,1.0,1.0,3.0,,2.0,0.0,,0.0,,2.0,2,,,0,0,0,0,0,0,0,0,0.0,0,0,0,0,0.0,0,,,7EE4DECF-674F-EB11-BB23-000D3AC17AEA,,B18BF1CE-724F-EB11-BB23-000D3AC17DF1,,,,4902CA82-AD47-EB11-BB23-000D3AC068E2,,05D63145-8C4B-EB11-BB23-000D3AC17DF1,,,,,,B18BF1CE-724F-EB11-BB23-000D3AC17DF1,,B18BF1CE-724F-EB11-BB23-000D3AC17DF1,,,,05D63145-8C4B-EB11-BB23-000D3AC17DF1,,E754ED16-884F-EB11-BB23-000D3AC17B5F,,,,,,,,7EE4DECF-674F-EB11-BB23-000D3AC17AEA,,,,B0B3C144-F64C-EB11-A812-000D3AC176F6,,05D63145-8C4B-EB11-BB23-000D3AC17DF1,,05D63145-8C4B-EB11-BB23-000D3AC17DF1,,SAGRES,2020-12-30 00:00:00.000,,2021-03-18 12:35:12.000,,,NOME DA MAE,,07793-645,,9884663092.0,BAIRRO,FULANO DE TAL,EAPV-SP-000000067,,(22)98765-4321,BRASIL,,1234567890,,,,ADSF,,,,,,,1980-01-14 00:00:00.000,,2021-03-18 12:34:29.000,,41.0,,,xx@xx.com,,,CAJAMAR,TTT,,,,,,RUA IRMA DARIA MOREIRA,,2020-12-29 00:00:00.000,,,,,,,,,0.0,,,,,(11)97594-7076111,,AV PAULISTA,,ASDLF CLK,,,,,aslfj,,SAO PAULO,,DDFD3C43-E687-EB11-A812-0022483727EE,,,,2B,,,ASD FASDF,(11)99999-9999,TESTE,,00000-002,,SAO PAULO,,,2021-03-17 00:00:00.000,,teste,,,,,,,,2.0,,,,,
14050C4B-F987-EB11-A812-0022483727EE,,,0,869430001,,,2,2,2,2,,,0.0,2.0,0.0,2.0,3.0,0.0,2.0,0.0,,0.0,,2.0,2,,,0,0,0,0,0,0,0,0,0.0,0,0,0,0,0.0,0,,,7EE4DECF-674F-EB11-BB23-000D3AC17AEA,,B18BF1CE-724F-EB11-BB23-000D3AC17DF1,,,,4902CA82-AD47-EB11-BB23-000D3AC068E2,,5BF76E99-1B8B-EB11-B1AC-002248372310,,,,,,B18BF1CE-724F-EB11-BB23-000D3AC17DF1,,B18BF1CE-724F-EB11-BB23-000D3AC17DF1,,,,05D63145-8C4B-EB11-BB23-000D3AC17DF1,,E554ED16-884F-EB11-BB23-000D3AC17B5F,,,,,,,,7EE4DECF-674F-EB11-BB23-000D3AC17AEA,,,,B0B3C144-F64C-EB11-A812-000D3AC176F6,,05D63145-8C4B-EB11-BB23-000D3AC17DF1,,05D63145-8C4B-EB11-BB23-000D3AC17DF1,,SABINO,2020-12-30 00:00:00.000,,2021-09-17 14:36:06.000,,,NOME DA MAE,,07793-645,,9884663092.0,BAIRRO,FULANO DE TAL,EAPV-SP-000000068,,(22)98765-4321,BRASIL,,1234567890,,,,TESTE TESTE,,,,,,,1980-01-14 00:00:00.000,,2021-03-18 14:50:44.000,,41.0,,,XX@xxxx.com,,,CAJAMAR,TESTE,,,,,,RUA IRMA DARIA MOREIRA,,2020-12-29 00:00:00.000,,,,,,,,,0.0,,,,,(11)97594-7076111,,AV PAULISTA,,TESTE TESTE,,,,,TESTE,,SAO PAULO,,14050C4B-F987-EB11-A812-0022483727EE,,,,2B,,,TESTE TESTE,(11)88888-8888,TESTE,,44444-444,,SAO PAULO,,,2021-03-17 00:00:00.000,,TESTE,,,,,,ASDF CLASDFLKJADSLF J,,1.0,,05D63145-8C4B-EB11-BB23-000D3AC17DF1,,,
